Datetime,Gold,Silver,Brent,Wheat,Milk,USD index
2025-11-28 07:47:58,0.49,,,,,
2025-11-28 07:47:58,0.49,0.13,,,,
2025-11-28 07:47:58,0.49,0.13,3.65,,,
2025-11-28 07:47:58,0.49,0.13,3.65,-1.32,,
2025-11-28 07:47:58,0.49,0.13,3.65,-1.32,,0.02
2025-11-28 07:47:58,0.49,0.13,3.65,-1.32,,0.02
2025-11-28 07:47:58,0.49,0.13,3.65,-1.32,,0.02
2025-11-28 07:47:58,0.49,0.13,3.65,-1.32,,0.02
2025-11-28 07:47:58,0.49,0.13,3.65,-1.32,,0.02
2025-11-28 07:47:58,0.49,0.13,3.65,-1.32,,0.02
2025-11-28 07:47:58,0.49,0.13,3.65,-1.32,,0.02
2025-11-28 07:47:59,0.5,0.13,3.65,-1.32,,0.02
2025-11-28 07:47:59,0.5,0.14,3.65,-1.32,,0.02
2025-11-28 07:47:59,0.5,0.14,3.65,-1.32,,0.02
2025-11-28 07:47:59,0.5,0.14,3.65,-1.32,,0.02
2025-11-28 07:47:59,0.5,0.14,3.65,-1.32,,0.02
2025-11-28 07:47:59,0.5,0.14,3.65,-1.32,,0.02
2025-11-28 07:48:00,0.5,0.14,3.65,-1.32,,0.02
2025-11-28 07:48:00,0.5,0.14,3.65,-1.32,,0.02
2025-11-28 07:48:00,0.5,0.14,3.65,-1.32,,0.02
2025-11-28 07:48:00,0.5,0.14,3.65,-1.32,,0.02
2025-11-28 07:48:00,0.5,0.14,3.65,-1.32,,0.02
2025-11-28 07:48:00,0.5,0.14,3.65,-1.32,,0.02
2025-11-28 07:48:01,0.5,0.14,3.65,-1.32,,0.02
2025-11-28 07:48:01,0.5,0.14,3.65,-1.32,,0.02
2025-11-28 07:48:01,0.5,0.14,3.65,-1.32,,0.02
2025-11-28 07:48:03,0.5,0.13,3.65,-1.32,,0.02
2025-11-28 07:48:03,0.5,0.13,3.65,-1.32,,0.02
2025-11-28 07:48:03,0.5,0.13,3.65,-1.32,,0.02
2025-11-28 07:48:03,0.5,0.13,3.65,-1.32,,0.02
2025-11-28 07:48:03,0.5,0.13,3.65,-1.32,,0.02
2025-11-28 07:48:03,0.5,0.13,3.65,-1.32,,0.02
2025-11-28 07:48:04,0.5,0.13,3.65,-1.32,,0.02
2025-11-28 07:48:04,0.5,0.13,3.65,-1.32,,0.02
2025-11-28 07:48:04,0.5,0.13,3.65,-1.32,,0.02
2025-11-28 07:48:05,0.5,0.13,3.65,-1.32,,0.02
2025-11-28 07:48:05,0.5,0.13,3.65,-1.32,,0.02
2025-11-28 07:48:05,0.5,0.13,3.65,-1.32,,0.02
2025-11-28 07:48:05,0.5,0.13,3.65,-1.32,,0.02
2025-11-28 07:48:05,0.49,0.13,3.65,-1.32,,0.02
2025-11-28 07:48:05,0.49,0.13,3.65,-1.32,,0.02
2025-11-28 07:48:06,0.49,0.13,3.65,-1.32,,0.02
2025-11-28 07:48:06,0.49,0.13,3.65,-1.32,,0.02
2025-11-28 07:48:06,0.49,0.13,3.65,-1.32,,0.02
2025-11-28 07:48:06,0.49,0.13,3.65,-1.32,,0.02
2025-11-28 07:48:06,0.49,0.13,3.65,-1.32,,0.02
2025-11-28 07:48:06,0.49,0.13,3.65,-1.32,,0.02
2025-11-28 07:48:08,0.49,0.13,3.65,-1.32,,0.02
2025-11-28 07:48:08,0.49,0.13,3.65,-1.32,,0.02
2025-11-28 07:48:08,0.49,0.13,3.65,-1.32,,0.02
2025-11-28 07:48:09,0.49,0.13,3.65,-1.32,,0.02
2025-11-28 07:48:09,0.49,0.13,3.65,-1.32,,0.02
2025-11-28 07:48:09,0.49,0.13,3.65,-1.32,,0.02
2025-11-28 07:48:10,0.49,0.12,3.65,-1.32,,0.02
2025-11-28 07:48:10,0.49,0.12,3.65,-1.32,,0.02
2025-11-28 07:48:10,0.49,0.12,3.65,-1.32,,0.02
2025-11-28 07:48:10,0.49,0.12,3.65,-1.32,,0.02
2025-11-28 07:48:10,0.49,0.12,3.65,-1.32,,0.02
2025-11-28 07:48:10,0.49,0.12,3.65,-1.32,,0.02
2025-11-28 07:48:11,0.49,0.12,3.65,-1.32,,0.02
2025-11-28 07:48:11,0.49,0.11,3.65,-1.32,,0.02
2025-11-28 07:48:11,0.49,0.11,3.65,-1.32,,0.02
2025-11-28 07:48:11,0.49,0.11,3.65,-1.32,,0.02
2025-11-28 07:48:11,0.49,0.11,3.65,-1.32,,0.02
2025-11-28 07:48:11,0.49,0.11,3.65,-1.32,,0.02
2025-11-28 07:48:12,0.49,0.11,3.65,-1.32,,0.02
2025-11-28 07:48:12,0.49,0.11,3.65,-1.32,,0.02
2025-11-28 07:48:12,0.49,0.11,3.65,-1.32,,0.02
2025-11-28 07:48:12,0.49,0.11,3.65,-1.32,,0.02
2025-11-28 07:48:13,0.49,0.11,3.65,-1.32,,0.02
2025-11-28 07:48:13,0.49,0.11,3.65,-1.32,,0.02
2025-11-28 07:48:13,0.47,0.11,3.65,-1.32,,0.02
2025-11-28 07:48:13,0.47,0.11,3.65,-1.32,,0.02
2025-11-28 07:48:13,0.47,0.11,3.65,-1.32,,0.02
2025-11-28 07:48:15,0.47,0.12,3.65,-1.32,,0.02
2025-11-28 07:48:15,0.47,0.12,3.65,-1.32,,0.02
2025-11-28 07:48:16,0.47,0.12,3.65,-1.32,,0.02
2025-11-28 07:48:16,0.47,0.11,3.65,-1.32,,0.02
2025-11-28 07:48:16,0.46,0.11,3.65,-1.32,,0.02
2025-11-28 07:48:16,0.46,0.11,3.65,-1.32,,0.02
2025-11-28 07:48:16,0.46,0.11,3.65,-1.32,,0.02
2025-11-28 07:48:16,0.46,0.11,3.65,-1.32,,0.02
2025-11-28 07:48:16,0.46,0.11,3.65,-1.32,,0.02
2025-11-28 07:48:18,0.46,0.11,3.65,-1.32,,0.02
2025-11-28 07:48:18,0.46,0.11,3.65,-1.32,,0.02
2025-11-28 07:48:18,0.46,0.11,3.65,-1.32,,0.02
2025-11-28 07:48:18,0.46,0.11,3.65,-1.32,,0.02
2025-11-28 07:48:18,0.46,0.11,3.65,-1.32,,0.02
2025-11-28 07:48:18,0.46,0.11,3.65,-1.32,,0.02
2025-11-28 07:48:18,0.46,0.11,3.65,-1.32,,0.02
2025-11-28 07:48:18,0.46,0.11,3.65,-1.32,,0.02
2025-11-28 07:48:19,0.46,0.11,3.65,-1.32,,0.02
2025-11-28 07:48:19,0.46,0.11,3.65,-1.32,,0.02
2025-11-28 07:48:19,0.46,0.11,3.65,-1.32,,0.02
2025-11-28 07:48:21,0.46,0.11,3.65,-1.32,,0.02
2025-11-28 07:48:21,0.46,0.11,3.65,-1.32,,0.02
2025-11-28 07:48:21,0.46,0.11,3.65,-1.32,,0.02
2025-11-28 07:48:22,0.46,0.11,3.65,-1.32,,0.02
2025-11-28 07:48:22,0.46,0.11,3.65,-1.32,,0.02
2025-11-28 07:48:22,0.46,0.11,3.65,-1.32,,0.02
2025-11-28 07:48:24,0.47,0.12,3.65,-1.32,,0.02
2025-11-28 07:48:24,0.47,0.12,3.65,-1.32,,0.02
2025-11-28 07:48:24,0.47,0.12,3.65,-1.32,,0.02
2025-11-28 07:48:24,0.47,0.12,3.65,-1.32,,0.02
2025-11-28 07:48:24,0.47,0.12,3.65,-1.32,,0.02
2025-11-28 07:48:25,0.47,0.12,3.65,-1.32,,0.02
2025-11-28 07:48:25,0.47,0.12,3.65,-1.32,,0.02
2025-11-28 07:48:25,0.47,0.12,3.65,-1.32,,0.02
2025-11-28 07:48:26,0.47,0.12,3.65,-1.32,,0.02
2025-11-28 07:48:26,0.47,0.12,3.65,-1.32,,0.02
2025-11-28 07:48:26,0.47,0.12,3.65,-1.32,,0.02
2025-11-28 07:48:27,0.47,0.12,3.65,-1.32,,0.02
2025-11-28 07:48:27,0.47,0.12,3.65,-1.32,,0.02
2025-11-28 07:48:27,0.47,0.12,3.65,-1.32,,0.02
2025-11-28 07:48:28,0.47,0.12,3.65,-1.32,,0.02
2025-11-28 07:48:28,0.47,0.12,3.65,-1.32,,0.02
2025-11-28 07:48:29,0.47,0.12,3.65,-1.32,,0.02
2025-11-28 07:48:29,0.47,0.12,3.65,-1.32,,0.02
2025-11-28 07:48:29,0.47,0.12,3.65,-1.32,,0.02
2025-11-28 07:48:29,0.47,0.12,3.65,-1.32,,0.02
2025-11-28 07:48:30,0.47,0.12,3.65,-1.32,,0.02
2025-11-28 07:48:30,0.46,0.12,3.65,-1.32,,0.02
2025-11-28 07:48:30,0.46,0.12,3.65,-1.32,,0.02
2025-11-28 07:48:30,0.46,0.12,3.65,-1.32,,0.02
2025-11-28 07:48:30,0.46,0.12,3.65,-1.32,,0.02
2025-11-28 07:48:30,0.46,0.12,3.65,-1.32,,0.02
2025-11-28 07:48:31,0.46,0.12,3.65,-1.32,,0.02
2025-11-28 07:48:31,0.46,0.12,3.65,-1.32,,0.02
2025-11-28 07:48:31,0.46,0.12,3.65,-1.32,,0.02
2025-11-28 07:48:31,0.46,0.12,3.65,-1.32,,0.02
2025-11-28 07:48:31,0.46,0.12,3.65,-1.32,,0.02
2025-11-28 07:48:31,0.46,0.12,3.65,-1.32,,0.02
2025-11-28 07:48:32,0.46,0.12,3.65,-1.32,,0.02
2025-11-28 07:48:32,0.46,0.12,3.65,-1.32,,0.02
2025-11-28 07:48:32,0.46,0.12,3.65,-1.32,,0.02
2025-11-28 07:48:32,0.46,0.12,3.65,-1.32,,0.02
2025-11-28 07:48:32,0.46,0.12,3.65,-1.32,,0.02
2025-11-28 07:48:32,0.46,0.12,3.65,-1.32,,0.02
2025-11-28 07:48:35,0.46,0.12,3.65,-1.32,,0.02
2025-11-28 07:48:35,0.46,0.12,3.67,-1.32,,0.02
2025-11-28 07:48:35,0.46,0.12,3.67,-1.32,,0.02
2025-11-28 07:48:35,0.46,0.12,3.67,-1.32,,0.02
2025-11-28 07:48:35,0.46,0.12,3.67,-1.32,,0.02
2025-11-28 07:48:35,0.46,0.12,3.67,-1.32,,0.02
2025-11-28 07:48:37,0.46,0.12,3.67,-1.32,,0.02
2025-11-28 07:48:37,0.46,0.12,3.67,-1.32,,0.02
2025-11-28 07:48:37,0.46,0.12,3.67,-1.32,,0.02
2025-11-28 07:48:38,0.46,0.12,3.67,-1.32,,0.02
2025-11-28 07:48:38,0.46,0.12,3.67,-1.32,,0.02
2025-11-28 07:48:38,0.46,0.12,3.67,-1.32,,0.02
2025-11-28 07:48:39,0.46,0.12,3.67,-1.32,,0.02
2025-11-28 07:48:39,0.46,0.12,3.67,-1.32,,0.02
2025-11-28 07:48:40,0.46,0.12,3.67,-1.32,,0.02
2025-11-28 07:48:40,0.46,0.12,3.67,-1.32,,0.02
2025-11-28 07:48:40,0.46,0.12,3.67,-1.32,,0.02
2025-11-28 07:48:40,0.46,0.12,3.67,-1.32,,0.02
2025-11-28 07:48:41,0.46,0.12,3.67,-1.32,,0.02
2025-11-28 07:48:41,0.46,0.12,3.67,-1.32,,0.02
2025-11-28 07:48:41,0.46,0.12,3.67,-1.32,,0.02
2025-11-28 07:48:42,0.46,0.12,3.67,-1.32,,0.02
2025-11-28 07:48:42,0.46,0.12,3.67,-1.32,,0.02
2025-11-28 07:48:42,0.46,0.12,3.67,-1.32,,0.02
2025-11-28 07:48:42,0.46,0.12,3.67,-1.32,,0.02
2025-11-28 07:48:42,0.46,0.12,3.67,-1.32,,0.02
2025-11-28 07:48:42,0.46,0.12,3.67,-1.32,,0.02
2025-11-28 07:48:43,0.46,0.12,3.67,-1.32,,0.02
2025-11-28 07:48:43,0.46,0.12,3.67,-1.32,,0.02
2025-11-28 07:48:43,0.46,0.12,3.67,-1.32,,0.02
2025-11-28 07:48:44,0.47,0.12,3.67,-1.32,,0.02
2025-11-28 07:48:44,0.47,0.12,3.67,-1.32,,0.02
2025-11-28 07:48:44,0.47,0.12,3.67,-1.32,,0.02
2025-11-28 07:48:47,0.47,0.13,3.67,-1.32,,0.02
2025-11-28 07:48:47,0.47,0.13,3.67,-1.32,,0.02
2025-11-28 07:48:47,0.47,0.13,3.67,-1.32,,0.02
2025-11-28 07:48:55,0.47,0.18,3.67,-1.32,,0.02
2025-11-28 07:48:55,0.47,0.18,3.65,-1.32,,0.02
2025-11-28 07:48:55,0.47,0.18,3.65,-1.32,,0.02
2025-11-28 07:48:55,0.47,0.18,3.65,-1.32,,0.02
2025-11-28 07:48:55,0.47,0.18,3.65,-1.32,,0.02
2025-11-28 07:48:55,0.47,0.18,3.65,-1.32,,0.02
2025-11-28 07:48:56,0.47,0.17,3.65,-1.32,,0.02
2025-11-28 07:48:56,0.47,0.17,3.65,-1.32,,0.02
2025-11-28 07:48:56,0.47,0.17,3.65,-1.32,,0.02
2025-11-28 07:48:57,0.47,0.16,3.65,-1.32,,0.02
2025-11-28 07:48:57,0.47,0.16,3.65,-1.32,,0.02
2025-11-28 07:48:57,0.47,0.16,3.65,-1.32,,0.02
2025-11-28 07:48:58,0.47,0.16,3.65,-1.32,,0.02
2025-11-28 07:48:58,0.47,0.16,3.65,-1.32,,0.02
2025-11-28 07:48:59,0.47,0.16,3.65,-1.32,,0.02
2025-11-28 07:48:59,0.46,0.16,3.65,-1.32,,0.02
2025-11-28 07:48:59,0.46,0.16,3.65,-1.32,,0.02
2025-11-28 07:48:59,0.46,0.16,3.65,-1.32,,0.02
2025-11-28 07:49:00,0.46,0.16,3.65,-1.32,,0.02
2025-11-28 07:49:00,0.46,0.16,3.65,-1.32,,0.02
2025-11-28 07:49:00,0.46,0.16,3.65,-1.32,,0.02
2025-11-28 07:49:00,0.46,0.16,3.65,-1.32,,0.02
2025-11-28 07:49:01,0.46,0.16,3.65,-1.32,,0.02
2025-11-28 07:49:01,0.46,0.16,3.65,-1.32,,0.02
2025-11-28 07:49:01,0.46,0.16,3.65,-1.32,,0.02
2025-11-28 07:49:01,0.46,0.16,3.65,-1.32,,0.02
2025-11-28 07:49:03,0.46,0.16,3.65,-1.32,,0.02
2025-11-28 07:49:04,0.46,0.16,3.65,-1.32,,0.02
2025-11-28 07:49:04,0.46,0.16,3.65,-1.32,,0.02
2025-11-28 07:49:04,0.46,0.16,3.65,-1.32,,0.02
2025-11-28 07:49:04,0.46,0.16,3.65,-1.32,,0.02
2025-11-28 07:49:04,0.46,0.17,3.65,-1.32,,0.02
2025-11-28 07:49:05,0.47,0.17,3.65,-1.32,,0.02
2025-11-28 07:49:05,0.47,0.17,3.65,-1.32,,0.02
2025-11-28 07:49:05,0.47,0.17,3.65,-1.32,,0.02
2025-11-28 07:49:05,0.47,0.17,3.65,-1.32,,0.02
2025-11-28 07:49:05,0.47,0.17,3.65,-1.32,,0.02
2025-11-28 07:49:05,0.47,0.17,3.65,-1.32,,0.02
2025-11-28 07:49:05,0.47,0.17,3.65,-1.32,,0.02
2025-11-28 07:49:05,0.47,0.17,3.65,-1.32,,0.02
2025-11-28 07:49:07,0.47,0.17,3.65,-1.32,,0.02
2025-11-28 07:49:07,0.47,0.17,3.65,-1.32,,0.02
2025-11-28 07:49:07,0.47,0.17,3.65,-1.32,,0.02
2025-11-28 07:49:08,0.47,0.17,3.65,-1.32,,0.01
2025-11-28 07:49:08,0.47,0.17,3.65,-1.32,,0.01
2025-11-28 07:49:08,0.47,0.17,3.65,-1.32,,0.01
2025-11-28 07:49:08,0.47,0.17,3.65,-1.32,,0.01
2025-11-28 07:49:08,0.47,0.17,3.65,-1.32,,0.01
2025-11-28 07:49:10,0.47,0.17,3.65,-1.32,,0.02
2025-11-28 07:49:10,0.46,0.17,3.65,-1.32,,0.02
2025-11-28 07:49:10,0.46,0.17,3.65,-1.32,,0.02
2025-11-28 07:49:10,0.46,0.17,3.65,-1.32,,0.02
2025-11-28 07:49:10,0.46,0.17,3.65,-1.32,,0.02
2025-11-28 07:49:11,0.46,0.17,3.65,-1.32,,0.02
2025-11-28 07:49:11,0.47,0.17,3.65,-1.32,,0.02
2025-11-28 07:49:11,0.47,0.17,3.65,-1.32,,0.02
2025-11-28 07:49:11,0.47,0.17,3.65,-1.32,,0.02
2025-11-28 07:49:11,0.47,0.17,3.65,-1.32,,0.02
2025-11-28 07:49:12,0.47,0.17,3.65,-1.32,,0.02
2025-11-28 07:49:12,0.47,0.17,3.65,-1.32,,0.02
2025-11-28 07:49:12,0.47,0.17,3.65,-1.32,,0.02
2025-11-28 07:49:12,0.47,0.17,3.65,-1.32,,0.02
2025-11-28 07:49:13,0.47,0.17,3.65,-1.32,,0.02
2025-11-28 07:49:13,0.47,0.17,3.65,-1.32,,0.03
2025-11-28 07:49:13,0.47,0.17,3.65,-1.32,,0.03
2025-11-28 07:49:13,0.47,0.17,3.65,-1.32,,0.03
2025-11-28 07:49:13,0.47,0.17,3.65,-1.32,,0.03
2025-11-28 07:49:13,0.47,0.17,3.65,-1.32,,0.03
2025-11-28 07:49:14,0.47,0.17,3.65,-1.32,,0.02
2025-11-28 07:49:14,0.47,0.17,3.65,-1.32,,0.02
2025-11-28 07:49:14,0.47,0.17,3.65,-1.32,,0.02
2025-11-28 07:49:14,0.47,0.17,3.65,-1.32,,0.02
2025-11-28 07:49:14,0.47,0.17,3.65,-1.32,,0.02
2025-11-28 07:49:15,0.47,0.17,3.65,-1.32,,0.02
2025-11-28 07:49:15,0.47,0.17,3.65,-1.32,,0.02
2025-11-28 07:49:17,0.47,0.17,3.65,-1.32,,0.02
2025-11-28 07:49:18,0.47,0.17,3.65,-1.32,,0.02
2025-11-28 07:49:18,0.47,0.17,3.65,-1.32,,0.02
2025-11-28 07:49:18,0.47,0.17,3.65,-1.32,,0.02
2025-11-28 07:49:23,0.47,0.17,3.65,-1.32,,0.02
2025-11-28 07:49:23,0.47,0.17,3.65,-1.32,,0.02
2025-11-28 07:49:23,0.47,0.17,3.65,-1.32,,0.02
2025-11-28 07:49:24,0.47,0.17,3.65,-1.32,,0.02
2025-11-28 07:49:24,0.47,0.17,3.65,-1.32,,0.02
2025-11-28 07:49:24,0.47,0.17,3.65,-1.32,,0.02
2025-11-28 07:49:24,0.47,0.17,3.65,-1.32,,0.02
2025-11-28 07:49:24,0.47,0.17,3.65,-1.32,,0.02
2025-11-28 07:49:25,0.47,0.17,3.65,-1.32,,0.02
2025-11-28 07:49:25,0.47,0.17,3.65,-1.32,,0.02
2025-11-28 07:49:26,0.47,0.17,3.65,-1.32,,0.02
2025-11-28 07:49:26,0.47,0.17,3.65,-1.32,,0.02
2025-11-28 07:49:26,0.47,0.17,3.65,-1.32,,0.02
2025-11-28 07:49:26,0.47,0.17,3.65,-1.32,,0.02
2025-11-28 07:49:26,0.47,0.17,3.65,-1.32,,0.02
2025-11-28 07:49:26,0.47,0.17,3.65,-1.32,,0.02
2025-11-28 07:49:26,0.47,0.17,3.65,-1.32,,0.02
2025-11-28 07:49:27,0.47,0.17,3.65,-1.32,,0.02
2025-11-28 07:49:27,0.47,0.17,3.65,-1.32,,0.02
2025-11-28 07:49:27,0.47,0.17,3.65,-1.32,,0.02
2025-11-28 07:49:28,0.47,0.17,3.65,-1.32,,0.02
2025-11-28 07:49:28,0.47,0.17,3.65,-1.32,,0.02
2025-11-28 07:49:28,0.47,0.17,3.65,-1.32,,0.02
2025-11-28 07:49:28,0.47,0.17,3.65,-1.32,,0.02
2025-11-28 07:49:28,0.47,0.17,3.65,-1.32,,0.02
2025-11-28 07:49:28,0.47,0.17,3.65,-1.32,,0.02
2025-11-28 07:49:28,0.47,0.17,3.65,-1.32,,0.02
2025-11-28 07:49:28,0.47,0.17,3.65,-1.32,,0.02
2025-11-28 07:49:29,0.47,0.17,3.65,-1.32,,0.02
2025-11-28 07:49:29,0.47,0.17,3.65,-1.32,,0.02
2025-11-28 07:49:29,0.47,0.17,3.65,-1.32,,0.02
2025-11-28 07:49:29,0.47,0.17,3.65,-1.32,,0.02
2025-11-28 07:49:29,0.47,0.17,3.65,-1.32,,0.02
2025-11-28 07:49:29,0.47,0.17,3.65,-1.32,,0.02
2025-11-28 07:49:29,0.47,0.17,3.65,-1.32,,0.02
2025-11-28 07:49:29,0.47,0.17,3.65,-1.32,,0.02
2025-11-28 07:49:30,0.47,0.17,3.65,-1.32,,0.02
2025-11-28 07:49:30,0.47,0.17,3.65,-1.32,,0.02
2025-11-28 07:49:30,0.47,0.17,3.65,-1.32,,0.02
2025-11-28 07:49:33,0.47,0.17,3.65,-1.32,,0.02
2025-11-28 07:49:33,0.47,0.17,3.65,-1.32,,0.02
2025-11-28 07:49:33,0.47,0.17,3.65,-1.32,,0.02
2025-11-28 07:49:33,0.47,0.17,3.65,-1.32,,0.02
2025-11-28 07:49:33,0.47,0.17,3.65,-1.32,,0.02
2025-11-28 07:49:33,0.47,0.17,3.65,-1.32,,0.02
2025-11-28 07:49:36,0.47,0.17,3.65,-1.32,,0.02
2025-11-28 07:49:36,0.47,0.17,3.65,-1.32,,0.02
2025-11-28 07:49:36,0.47,0.17,3.65,-1.32,,0.02
2025-11-28 07:49:38,0.47,0.17,3.65,-1.32,,0.02
2025-11-28 07:49:38,0.47,0.17,3.65,-1.32,,0.02
2025-11-28 07:49:38,0.47,0.17,3.65,-1.32,,0.02
2025-11-28 07:49:39,0.47,0.17,3.65,-1.32,,0.02
2025-11-28 07:49:39,0.47,0.17,3.65,-1.32,,0.02
2025-11-28 07:49:40,0.47,0.17,3.65,-1.32,,0.02
2025-11-28 07:49:40,0.47,0.17,3.65,-1.32,,0.02
2025-11-28 07:49:40,0.47,0.17,3.65,-1.32,,0.02
2025-11-28 07:49:40,0.47,0.17,3.65,-1.32,,0.02
2025-11-28 07:49:41,0.47,0.17,3.65,-1.32,,0.02
2025-11-28 07:49:41,0.47,0.17,3.65,-1.32,,0.02
2025-11-28 07:49:41,0.48,0.17,3.65,-1.32,,0.02
2025-11-28 07:49:41,0.48,0.17,3.65,-1.32,,0.02
2025-11-28 07:49:41,0.48,0.17,3.65,-1.32,,0.02
2025-11-28 07:49:41,0.48,0.17,3.65,-1.32,,0.02
2025-11-28 07:49:41,0.48,0.17,3.65,-1.32,,0.02
2025-11-28 07:49:41,0.48,0.17,3.65,-1.32,,0.02
2025-11-28 07:49:42,0.48,0.17,3.65,-1.32,,0.02
2025-11-28 07:49:42,0.48,0.17,3.65,-1.32,,0.02
2025-11-28 07:49:42,0.48,0.17,3.65,-1.32,,0.02
2025-11-28 07:49:42,0.48,0.17,3.65,-1.32,,0.02
2025-11-28 07:49:42,0.48,0.17,3.65,-1.32,,0.02
2025-11-28 07:49:42,0.48,0.17,3.65,-1.32,,0.02
2025-11-28 07:49:42,0.48,0.17,3.65,-1.32,,0.02
2025-11-28 07:49:42,0.48,0.17,3.65,-1.32,,0.02
2025-11-28 07:49:45,0.48,0.17,3.65,-1.32,,0.02
2025-11-28 07:49:45,0.48,0.17,3.65,-1.32,,0.02
2025-11-28 07:49:45,0.48,0.17,3.65,-1.32,,0.02
2025-11-28 07:49:46,0.48,0.17,3.65,-1.32,,0.02
2025-11-28 07:49:47,0.48,0.17,3.65,-1.32,,0.02
2025-11-28 07:49:47,0.48,0.17,3.65,-1.32,,0.02
2025-11-28 07:49:48,0.47,0.17,3.65,-1.32,,0.02
2025-11-28 07:49:49,0.47,0.17,3.65,-1.32,,0.02
2025-11-28 07:49:49,0.47,0.17,3.65,-1.32,,0.02
2025-11-28 07:49:49,0.47,0.17,3.65,-1.32,,0.02
2025-11-28 07:49:49,0.48,0.17,3.65,-1.32,,0.02
2025-11-28 07:49:50,0.48,0.17,3.65,-1.32,,0.02
2025-11-28 07:49:50,0.48,0.17,3.65,-1.32,,0.02
2025-11-28 07:49:50,0.48,0.17,3.65,-1.32,,0.02
2025-11-28 07:49:50,0.48,0.17,3.65,-1.32,,0.02
2025-11-28 07:49:50,0.48,0.17,3.65,-1.32,,0.02
2025-11-28 07:49:50,0.48,0.17,3.65,-1.32,,0.02
2025-11-28 07:49:50,0.48,0.17,3.65,-1.32,,0.02
2025-11-28 07:49:53,0.48,0.17,3.65,-1.32,,0.02
2025-11-28 07:49:53,0.48,0.17,3.65,-1.32,,0.02
2025-11-28 07:49:53,0.48,0.17,3.65,-1.32,,0.02
2025-11-28 07:49:54,0.48,0.17,3.65,-1.32,,0.02
2025-11-28 07:49:54,0.48,0.17,3.65,-1.32,,0.02
2025-11-28 07:50:01,0.47,0.17,3.65,-1.32,,0.02
2025-11-28 07:50:01,0.47,0.17,3.65,-1.32,,0.02
2025-11-28 07:50:01,0.47,0.17,3.65,-1.32,,0.02
2025-11-28 07:50:01,0.47,0.17,3.65,-1.32,,0.02
2025-11-28 07:50:01,0.47,0.17,3.65,-1.32,,0.02
2025-11-28 07:50:01,0.47,0.17,3.65,-1.32,,0.02
2025-11-28 07:50:02,0.47,0.17,3.65,-1.32,,0.02
2025-11-28 07:50:03,0.47,0.16,3.65,-1.32,,0.02
2025-11-28 07:50:03,0.47,0.16,3.65,-1.32,,0.02
2025-11-28 07:50:04,0.47,0.16,3.65,-1.32,,0.02
2025-11-28 07:50:05,0.47,0.16,3.65,-1.32,,0.02
2025-11-28 07:50:05,0.47,0.16,3.65,-1.32,,0.02
2025-11-28 07:50:05,0.47,0.16,3.65,-1.32,,0.02
2025-11-28 07:50:05,0.47,0.16,3.65,-1.32,,0.02
2025-11-28 07:50:05,0.47,0.16,3.65,-1.32,,0.02
2025-11-28 07:50:05,0.47,0.16,3.65,-1.32,,0.02
2025-11-28 07:50:05,0.47,0.16,3.65,-1.32,,0.02
2025-11-28 07:50:05,0.47,0.16,3.65,-1.32,,0.02
2025-11-28 07:50:05,0.47,0.16,3.65,-1.32,,0.02
2025-11-28 07:50:05,0.47,0.16,3.65,-1.32,,0.02
2025-11-28 07:50:05,0.47,0.16,3.65,-1.32,,0.02
2025-11-28 07:50:05,0.47,0.16,3.65,-1.32,,0.02
2025-11-28 07:50:05,0.47,0.16,3.67,-1.32,,0.02
2025-11-28 07:50:06,0.47,0.16,3.67,-1.32,,0.02
2025-11-28 07:50:06,0.47,0.16,3.67,-1.32,,0.02
2025-11-28 07:50:06,0.47,0.16,3.67,-1.32,,0.03
2025-11-28 07:50:06,0.47,0.16,3.67,-1.32,,0.03
2025-11-28 07:50:06,0.47,0.16,3.67,-1.32,,0.03
2025-11-28 07:50:06,0.47,0.16,3.67,-1.32,,0.03
2025-11-28 07:50:06,0.47,0.16,3.67,-1.32,,0.03
2025-11-28 07:50:06,0.47,0.16,3.67,-1.32,,0.03
2025-11-28 07:50:06,0.47,0.16,3.67,-1.32,,0.03
2025-11-28 07:50:06,0.47,0.16,3.67,-1.32,,0.03
2025-11-28 07:50:06,0.47,0.16,3.67,-1.32,,0.03
2025-11-28 07:50:08,0.47,0.16,3.67,-1.32,,0.03
2025-11-28 07:50:08,0.47,0.16,3.67,-1.32,,0.03
2025-11-28 07:50:08,0.47,0.16,3.67,-1.32,,0.03
2025-11-28 07:50:09,0.47,0.16,3.67,-1.32,,0.03
2025-11-28 07:50:09,0.47,0.16,3.67,-1.32,,0.03
2025-11-28 07:50:09,0.47,0.16,3.67,-1.32,,0.03
2025-11-28 07:50:10,0.47,0.16,3.67,-1.32,,0.03
2025-11-28 07:50:10,0.47,0.16,3.67,-1.32,,0.03
2025-11-28 07:50:10,0.47,0.16,3.67,-1.32,,0.03
2025-11-28 07:50:11,0.47,0.17,3.67,-1.32,,0.03
2025-11-28 07:50:11,0.47,0.17,3.67,-1.32,,0.03
2025-11-28 07:50:11,0.47,0.17,3.67,-1.32,,0.03
2025-11-28 07:50:12,0.47,0.17,3.67,-1.32,,0.03
2025-11-28 07:50:12,0.47,0.17,3.67,-1.32,,0.03
2025-11-28 07:50:12,0.47,0.17,3.67,-1.32,,0.03
2025-11-28 07:50:12,0.47,0.17,3.67,-1.32,,0.03
2025-11-28 07:50:12,0.47,0.17,3.67,-1.32,,0.03
2025-11-28 07:50:12,0.47,0.17,3.67,-1.32,,0.03
2025-11-28 07:50:13,0.47,0.17,3.67,-1.32,,0.03
2025-11-28 07:50:13,0.47,0.17,3.67,-1.32,,0.03
2025-11-28 07:50:13,0.47,0.17,3.67,-1.32,,0.03
2025-11-28 07:50:14,0.47,0.17,3.67,-1.32,,0.03
2025-11-28 07:50:14,0.47,0.17,3.67,-1.32,,0.03
2025-11-28 07:50:15,0.48,0.17,3.67,-1.32,,0.03
2025-11-28 07:50:15,0.48,0.17,3.67,-1.32,,0.03
2025-11-28 07:50:16,0.48,0.17,3.67,-1.32,,0.03
2025-11-28 07:50:16,0.48,0.17,3.67,-1.32,,0.03
2025-11-28 07:50:16,0.48,0.17,3.67,-1.32,,0.03
2025-11-28 07:50:16,0.48,0.17,3.67,-1.32,,0.03
2025-11-28 07:50:16,0.48,0.17,3.67,-1.32,,0.03
2025-11-28 07:50:16,0.48,0.17,3.67,-1.32,,0.03
2025-11-28 07:50:17,0.48,0.17,3.67,-1.32,,0.03
2025-11-28 07:50:18,0.48,0.17,3.67,-1.32,,0.03
2025-11-28 07:50:18,0.48,0.17,3.67,-1.32,,0.03
2025-11-28 07:50:18,0.48,0.17,3.67,-1.32,,0.03
2025-11-28 07:50:18,0.48,0.17,3.67,-1.32,,0.03
2025-11-28 07:50:19,0.48,0.17,3.67,-1.32,,0.03
2025-11-28 07:50:19,0.48,0.17,3.67,-1.32,,0.03
2025-11-28 07:50:20,0.48,0.17,3.67,-1.32,,0.03
2025-11-28 07:50:20,0.48,0.17,3.67,-1.32,,0.03
2025-11-28 07:50:22,0.48,0.17,3.67,-1.32,,0.03
2025-11-28 07:50:22,0.48,0.17,3.67,-1.32,,0.03
2025-11-28 07:50:23,0.48,0.17,3.67,-1.32,,0.03
2025-11-28 07:50:23,0.48,0.17,3.67,-1.32,,0.03
2025-11-28 07:50:23,0.48,0.17,3.67,-1.32,,0.03
2025-11-28 07:50:26,0.48,0.17,3.67,-1.32,,0.03
2025-11-28 07:50:26,0.47,0.17,3.67,-1.32,,0.03
2025-11-28 07:50:26,0.47,0.17,3.67,-1.32,,0.03
2025-11-28 07:50:26,0.47,0.17,3.67,-1.32,,0.03
2025-11-28 07:50:27,0.47,0.17,3.67,-1.32,,0.03
2025-11-28 07:50:27,0.47,0.17,3.67,-1.32,,0.03
2025-11-28 07:50:27,0.47,0.17,3.67,-1.32,,0.03
2025-11-28 07:50:27,0.47,0.17,3.67,-1.32,,0.03
2025-11-28 07:50:28,0.47,0.17,3.67,-1.32,,0.03
2025-11-28 07:50:28,0.47,0.17,3.67,-1.32,,0.03
2025-11-28 07:50:28,0.47,0.17,3.67,-1.32,,0.03
2025-11-28 07:50:28,0.47,0.17,3.67,-1.32,,0.03
2025-11-28 07:50:28,0.47,0.17,3.67,-1.32,,0.03
2025-11-28 07:50:28,0.47,0.17,3.67,-1.32,,0.03
2025-11-28 07:50:31,0.47,0.17,3.67,-1.32,,0.03
2025-11-28 07:50:31,0.47,0.17,3.67,-1.32,,0.03
2025-11-28 07:50:31,0.47,0.17,3.67,-1.32,,0.03
2025-11-28 07:50:32,0.47,0.16,3.67,-1.32,,0.03
2025-11-28 07:50:32,0.47,0.16,3.67,-1.32,,0.03
2025-11-28 07:50:32,0.47,0.16,3.67,-1.32,,0.03
2025-11-28 07:50:32,0.47,0.16,3.67,-1.32,,0.03
2025-11-28 07:50:33,0.47,0.16,3.67,-1.32,,0.03
2025-11-28 07:50:33,0.47,0.16,3.67,-1.32,,0.03
2025-11-28 07:50:33,0.47,0.16,3.67,-1.32,,0.03
2025-11-28 07:50:33,0.47,0.16,3.67,-1.32,,0.03
2025-11-28 07:50:33,0.47,0.16,3.67,-1.32,,0.03
2025-11-28 07:50:34,0.47,0.2,3.67,-1.32,,0.03
2025-11-28 07:50:34,0.47,0.2,3.67,-1.32,,0.03
2025-11-28 07:50:34,0.47,0.2,3.67,-1.32,,0.03
2025-11-28 07:50:34,0.47,0.2,3.67,-1.32,,0.03
2025-11-28 07:50:34,0.47,0.2,3.67,-1.32,,0.03
2025-11-28 07:50:34,0.47,0.2,3.67,-1.32,,0.03
2025-11-28 07:50:35,0.47,0.2,3.67,-1.32,,0.03
2025-11-28 07:50:35,0.47,0.2,3.67,-1.32,,0.03
2025-11-28 07:50:44,0.47,0.2,3.67,-1.32,,0.03
2025-11-28 07:50:44,0.47,0.2,3.67,-1.32,,0.03
2025-11-28 07:50:44,0.47,0.2,3.67,-1.32,,0.03
2025-11-28 07:50:45,0.47,0.2,3.67,-1.32,,0.03
2025-11-28 07:50:45,0.47,0.2,3.67,-1.32,,0.03
2025-11-28 07:50:45,0.47,0.2,3.67,-1.32,,0.03
2025-11-28 07:50:46,0.47,0.2,3.67,-1.32,,0.03
2025-11-28 07:50:46,0.47,0.2,3.67,-1.32,,0.03
2025-11-28 07:50:47,0.47,0.2,3.67,-1.32,,0.03
2025-11-28 07:50:49,0.48,0.2,3.67,-1.32,,0.03
2025-11-28 07:50:49,0.48,0.2,3.67,-1.32,,0.03
2025-11-28 07:50:49,0.48,0.2,3.67,-1.32,,0.03
2025-11-28 07:50:50,0.47,0.2,3.67,-1.32,,0.03
2025-11-28 07:50:50,0.47,0.2,3.67,-1.32,,0.03
2025-11-28 07:50:50,0.47,0.2,3.67,-1.32,,0.03
2025-11-28 07:50:51,0.47,0.2,3.67,-1.32,,0.03
2025-11-28 07:50:51,0.47,0.2,3.67,-1.32,,0.03
2025-11-28 07:50:52,0.47,0.2,3.67,-1.32,,0.03
2025-11-28 07:50:52,0.47,0.2,3.67,-1.32,,0.03
2025-11-28 07:50:52,0.47,0.2,3.67,-1.32,,0.03
2025-11-28 07:50:52,0.47,0.2,3.67,-1.32,,0.03
2025-11-28 07:50:55,0.47,0.2,3.67,-1.32,,0.03
2025-11-28 07:50:55,0.47,0.2,3.67,-1.32,,0.03
2025-11-28 07:50:55,0.47,0.2,3.67,-1.32,,0.03
2025-11-28 07:50:56,0.46,0.2,3.67,-1.32,,0.03
2025-11-28 07:50:56,0.46,0.2,3.67,-1.32,,0.03
2025-11-28 07:50:56,0.46,0.2,3.67,-1.32,,0.03
2025-11-28 07:50:57,0.46,0.2,3.67,-1.32,,0.03
2025-11-28 07:50:57,0.46,0.2,3.67,-1.32,,0.03
2025-11-28 07:50:57,0.46,0.2,3.67,-1.32,,0.03
2025-11-28 07:50:58,0.46,0.2,3.67,-1.32,,0.03
2025-11-28 07:50:58,0.46,0.2,3.67,-1.32,,0.03
2025-11-28 07:50:59,0.46,0.2,3.67,-1.32,,0.03
2025-11-28 07:50:59,0.46,0.2,3.67,-1.32,,0.03
2025-11-28 07:50:59,0.46,0.2,3.67,-1.32,,0.03
2025-11-28 07:50:59,0.46,0.2,3.67,-1.32,,0.03
2025-11-28 07:51:00,0.46,0.2,3.67,-1.32,,0.03
2025-11-28 07:51:00,0.46,0.2,3.67,-1.32,,0.03
2025-11-28 07:51:00,0.46,0.2,3.67,-1.32,,0.03
2025-11-28 07:51:00,0.46,0.2,3.67,-1.32,,0.03
2025-11-28 07:51:01,0.46,0.2,3.67,-1.32,,0.03
2025-11-28 07:51:02,0.47,0.2,3.67,-1.32,,0.03
2025-11-28 07:51:02,0.47,0.2,3.67,-1.32,,0.03
2025-11-28 07:51:02,0.47,0.2,3.67,-1.32,,0.03
2025-11-28 07:51:04,0.46,0.2,3.67,-1.32,,0.03
2025-11-28 07:51:04,0.46,0.2,3.67,-1.32,,0.03
2025-11-28 07:51:04,0.46,0.2,3.67,-1.32,,0.03
2025-11-28 07:51:04,0.46,0.2,3.67,-1.32,,0.03
2025-11-28 07:51:05,0.46,0.2,3.67,-1.32,,0.03
2025-11-28 07:51:05,0.46,0.2,3.67,-1.32,,0.03
2025-11-28 07:51:05,0.46,0.2,3.67,-1.32,,0.03
2025-11-28 07:51:06,0.46,0.2,3.67,-1.32,,0.03
2025-11-28 07:51:06,0.46,0.2,3.67,-1.32,,0.03
2025-11-28 07:51:07,0.46,0.2,3.67,-1.32,,0.03
2025-11-28 07:51:07,0.46,0.2,3.67,-1.32,,0.03
2025-11-28 07:51:07,0.46,0.2,3.67,-1.32,,0.03
2025-11-28 07:51:08,0.46,0.2,3.67,-1.32,,0.03
2025-11-28 07:51:08,0.46,0.2,3.67,-1.32,,0.03
2025-11-28 07:51:08,0.46,0.2,3.67,-1.32,,0.03
2025-11-28 07:51:09,0.46,0.2,3.67,-1.32,,0.03
2025-11-28 07:51:09,0.46,0.2,3.67,-1.32,,0.03
2025-11-28 07:51:09,0.46,0.2,3.67,-1.32,,0.03
2025-11-28 07:51:13,0.46,0.2,3.67,-1.32,,0.03
2025-11-28 07:51:13,0.46,0.2,3.67,-1.32,,0.03
2025-11-28 07:51:13,0.46,0.2,3.67,-1.32,,0.03
2025-11-28 07:51:13,0.46,0.2,3.67,-1.32,,0.03
2025-11-28 07:51:13,0.46,0.2,3.67,-1.32,,0.03
2025-11-28 07:51:14,0.46,0.2,3.67,-1.32,,0.02
2025-11-28 07:51:14,0.45,0.2,3.67,-1.32,,0.02
2025-11-28 07:51:14,0.45,0.2,3.67,-1.32,,0.02
2025-11-28 07:51:14,0.45,0.2,3.67,-1.32,,0.02
2025-11-28 07:51:15,0.45,0.2,3.67,-1.32,,0.02
2025-11-28 07:51:15,0.45,0.2,3.67,-1.32,,0.02
2025-11-28 07:51:15,0.45,0.2,3.67,-1.32,,0.02
2025-11-28 07:51:15,0.45,0.2,3.67,-1.32,,0.02
2025-11-28 07:51:16,0.45,0.2,3.67,-1.32,,0.03
2025-11-28 07:51:16,0.45,0.2,3.67,-1.32,,0.03
2025-11-28 07:51:16,0.45,0.15,3.67,-1.32,,0.03
2025-11-28 07:51:17,0.45,0.15,3.67,-1.32,,0.03
2025-11-28 07:51:17,0.45,0.15,3.67,-1.32,,0.03
2025-11-28 07:51:17,0.45,0.15,3.67,-1.32,,0.03
2025-11-28 07:51:17,0.45,0.15,3.67,-1.32,,0.03
2025-11-28 07:51:17,0.45,0.15,3.67,-1.32,,0.03
2025-11-28 07:51:17,0.45,0.15,3.67,-1.32,,0.03
2025-11-28 07:51:18,0.45,0.15,3.67,-1.32,,0.03
2025-11-28 07:51:18,0.45,0.15,3.67,-1.32,,0.03
2025-11-28 07:51:18,0.45,0.15,3.67,-1.32,,0.03
2025-11-28 07:51:18,0.45,0.15,3.67,-1.32,,0.03
2025-11-28 07:51:18,0.45,0.15,3.67,-1.32,,0.03
2025-11-28 07:51:19,0.45,0.15,3.67,-1.32,,0.03
2025-11-28 07:51:19,0.45,0.15,3.67,-1.32,,0.03
2025-11-28 07:51:19,0.46,0.15,3.67,-1.32,,0.03
2025-11-28 07:51:19,0.46,0.15,3.67,-1.32,,0.03
2025-11-28 07:51:19,0.46,0.15,3.67,-1.32,,0.03
2025-11-28 07:51:19,0.46,0.15,3.67,-1.32,,0.03
2025-11-28 07:51:19,0.46,0.15,3.67,-1.32,,0.03
2025-11-28 07:51:19,0.46,0.15,3.67,-1.32,,0.03
2025-11-28 07:51:20,0.46,0.15,3.67,-1.32,,0.03
2025-11-28 07:51:20,0.46,0.15,3.67,-1.32,,0.03
2025-11-28 07:51:20,0.46,0.15,3.67,-1.32,,0.03
2025-11-28 07:51:21,0.46,0.15,3.67,-1.32,,0.03
2025-11-28 07:51:21,0.46,0.15,3.67,-1.32,,0.03
2025-11-28 07:51:21,0.46,0.15,3.67,-1.32,,0.03
2025-11-28 07:51:22,0.46,0.15,3.67,-1.32,,0.03
2025-11-28 07:51:22,0.46,0.15,3.67,-1.32,,0.03
2025-11-28 07:51:22,0.46,0.15,3.67,-1.32,,0.03
2025-11-28 07:51:23,0.46,0.15,3.67,-1.32,,0.03
2025-11-28 07:51:23,0.46,0.15,3.67,-1.32,,0.03
2025-11-28 07:51:23,0.46,0.15,3.67,-1.32,,0.03
2025-11-28 07:51:23,0.46,0.15,3.67,-1.32,,0.03
2025-11-28 07:51:23,0.46,0.15,3.67,-1.32,,0.03
2025-11-28 07:51:23,0.46,0.15,3.67,-1.32,,0.03
2025-11-28 07:51:26,0.46,0.15,3.67,-1.32,,0.03
2025-11-28 07:51:26,0.46,0.15,3.67,-1.32,,0.03
2025-11-28 07:51:26,0.46,0.15,3.67,-1.32,,0.03
2025-11-28 07:51:28,0.46,0.15,3.67,-1.32,,0.03
2025-11-28 07:51:29,0.46,0.15,3.67,-1.32,,0.03
2025-11-28 07:51:29,0.46,0.15,3.67,-1.32,,0.03
2025-11-28 07:51:31,0.46,0.15,3.67,-1.32,,0.03
2025-11-28 07:51:31,0.46,0.15,3.67,-1.32,,0.03
2025-11-28 07:51:32,0.46,0.15,3.67,-1.32,,0.03
2025-11-28 07:51:32,0.46,0.15,3.67,-1.32,,0.03
2025-11-28 07:51:32,0.46,0.15,3.67,-1.32,,0.03
2025-11-28 07:51:32,0.46,0.15,3.67,-1.32,,0.03
2025-11-28 07:51:34,0.46,0.15,3.67,-1.32,,0.03
2025-11-28 07:51:34,0.46,0.15,3.67,-1.32,,0.03
2025-11-28 07:51:34,0.46,0.15,3.67,-1.32,,0.03
2025-11-28 07:51:34,0.46,0.15,3.67,-1.32,,0.03
2025-11-28 07:51:34,0.46,0.15,3.67,-1.32,,0.03
2025-11-28 07:51:35,0.46,0.15,3.67,-1.32,,0.03
2025-11-28 07:51:35,0.46,0.15,3.67,-1.32,,0.03
2025-11-28 07:51:35,0.46,0.15,3.67,-1.32,,0.03
2025-11-28 07:51:36,0.48,0.15,3.67,-1.32,,0.03
2025-11-28 07:51:36,0.48,0.16,3.67,-1.32,,0.03
2025-11-28 07:51:36,0.48,0.16,3.67,-1.32,,0.03
2025-11-28 07:51:36,0.48,0.16,3.67,-1.32,,0.03
2025-11-28 07:51:36,0.48,0.16,3.67,-1.32,,0.03
2025-11-28 07:51:36,0.48,0.16,3.67,-1.32,,0.03
2025-11-28 07:51:37,0.48,0.16,3.67,-1.32,,0.03
2025-11-28 07:51:37,0.48,0.16,3.67,-1.32,,0.03
2025-11-28 07:51:37,0.48,0.16,3.67,-1.32,,0.03
2025-11-28 07:51:38,0.47,0.16,3.67,-1.32,,0.03
2025-11-28 07:51:38,0.47,0.16,3.67,-1.32,,0.03
2025-11-28 07:51:39,0.47,0.16,3.67,-1.32,,0.03
2025-11-28 07:51:40,0.47,0.16,3.67,-1.32,,0.03
2025-11-28 07:51:40,0.47,0.16,3.67,-1.32,,0.03
2025-11-28 07:51:40,0.47,0.16,3.67,-1.32,,0.03
2025-11-28 07:51:40,0.47,0.16,3.67,-1.32,,0.03
2025-11-28 07:51:40,0.47,0.16,3.67,-1.32,,0.03
2025-11-28 07:51:41,0.47,0.16,3.67,-1.32,,0.03
2025-11-28 07:51:41,0.47,0.16,3.67,-1.32,,0.03
2025-11-28 07:51:41,0.47,0.16,3.67,-1.32,,0.03
2025-11-28 07:51:41,0.47,0.16,3.67,-1.32,,0.03
2025-11-28 07:51:41,0.47,0.16,3.67,-1.32,,0.03
2025-11-28 07:51:42,0.47,0.16,3.67,-1.32,,0.03
2025-11-28 07:51:43,0.47,0.16,3.67,-1.32,,0.03
2025-11-28 07:51:45,0.48,0.16,3.67,-1.32,,0.03
2025-11-28 07:51:45,0.48,0.17,3.67,-1.32,,0.03
2025-11-28 07:51:45,0.48,0.17,3.67,-1.32,,0.03
2025-11-28 07:51:45,0.48,0.17,3.67,-1.32,,0.03
2025-11-28 07:51:45,0.48,0.17,3.67,-1.32,,0.03
2025-11-28 07:51:45,0.48,0.17,3.67,-1.32,,0.03
2025-11-28 07:51:46,0.48,0.17,3.67,-1.32,,0.03
2025-11-28 07:51:47,0.48,0.17,3.67,-1.32,,0.03
2025-11-28 07:51:47,0.48,0.17,3.67,-1.32,,0.03
2025-11-28 07:51:50,0.48,0.17,3.67,-1.32,,0.02
2025-11-28 07:51:50,0.48,0.17,3.67,-1.32,,0.02
2025-11-28 07:51:51,0.48,0.17,3.67,-1.32,,0.02
2025-11-28 07:51:51,0.48,0.17,3.67,-1.32,,0.02
2025-11-28 07:51:51,0.48,0.17,3.67,-1.32,,0.02
2025-11-28 07:51:57,0.47,0.17,3.67,-1.32,,0.02
2025-11-28 07:51:57,0.47,0.17,3.67,-1.32,,0.02
2025-11-28 07:51:57,0.47,0.17,3.67,-1.32,,0.02
2025-11-28 07:51:58,0.48,0.17,3.67,-1.32,,0.02
2025-11-28 07:51:58,0.48,0.17,3.67,-1.32,,0.02
2025-11-28 07:51:58,0.48,0.17,3.67,-1.32,,0.02
2025-11-28 07:52:02,0.48,0.17,3.67,-1.32,,0.02
2025-11-28 07:52:02,0.49,0.17,3.67,-1.32,,0.02
2025-11-28 07:52:03,0.49,0.17,3.67,-1.32,,0.02
2025-11-28 07:52:03,0.49,0.17,3.67,-1.32,,0.02
2025-11-28 07:52:03,0.49,0.17,3.67,-1.32,,0.02
2025-11-28 07:52:03,0.49,0.17,3.67,-1.32,,0.02
2025-11-28 07:52:03,0.49,0.17,3.67,-1.32,,0.02
2025-11-28 07:52:04,0.49,0.17,3.67,-1.32,,0.02
2025-11-28 07:52:04,0.49,0.17,3.67,-1.32,,0.02
2025-11-28 07:52:05,0.49,0.17,3.67,-1.32,,0.02
2025-11-28 07:52:05,0.49,0.18,3.67,-1.32,,0.02
2025-11-28 07:52:05,0.49,0.18,3.67,-1.32,,0.02
2025-11-28 07:52:05,0.49,0.18,3.67,-1.32,,0.02
2025-11-28 07:52:05,0.49,0.18,3.67,-1.32,,0.02
2025-11-28 07:52:05,0.49,0.18,3.67,-1.32,,0.02
2025-11-28 07:52:05,0.49,0.18,3.67,-1.32,,0.02
2025-11-28 07:52:05,0.49,0.18,3.67,-1.32,,0.02
2025-11-28 07:52:05,0.49,0.18,3.67,-1.32,,0.02
2025-11-28 07:52:06,0.49,0.18,3.67,-1.32,,0.02
2025-11-28 07:52:06,0.49,0.18,3.67,-1.32,,0.02
2025-11-28 07:52:06,0.49,0.18,3.67,-1.32,,0.02
2025-11-28 07:52:06,0.49,0.18,3.67,-1.32,,0.02
2025-11-28 07:52:06,0.49,0.18,3.67,-1.32,,0.02
2025-11-28 07:52:06,0.49,0.18,3.67,-1.32,,0.02
2025-11-28 07:52:06,0.49,0.18,3.67,-1.32,,0.02
2025-11-28 07:52:07,0.49,0.18,3.67,-1.32,,0.02
2025-11-28 07:52:07,0.49,0.18,3.67,-1.32,,0.02
2025-11-28 07:52:08,0.49,0.18,3.67,-1.32,,0.02
2025-11-28 07:52:08,0.49,0.18,3.67,-1.32,,0.02
2025-11-28 07:52:09,0.49,0.18,3.67,-1.32,,0.02
2025-11-28 07:52:09,0.49,0.18,3.67,-1.32,,0.02
2025-11-28 07:52:09,0.49,0.18,3.67,-1.32,,0.02
2025-11-28 07:52:09,0.49,0.19,3.67,-1.32,,0.02
2025-11-28 07:52:09,0.49,0.19,3.67,-1.32,,0.02
2025-11-28 07:52:10,0.49,0.19,3.67,-1.32,,0.02
2025-11-28 07:52:10,0.49,0.19,3.67,-1.32,,0.02
2025-11-28 07:52:11,0.49,0.19,3.67,-1.32,,0.02
2025-11-28 07:52:11,0.49,0.19,3.67,-1.32,,0.02
2025-11-28 07:52:11,0.49,0.2,3.67,-1.32,,0.02
2025-11-28 07:52:11,0.51,0.2,3.67,-1.32,,0.02
2025-11-28 07:52:11,0.51,0.2,3.67,-1.32,,0.02
2025-11-28 07:52:11,0.51,0.2,3.67,-1.32,,0.02
2025-11-28 07:52:11,0.51,0.2,3.67,-1.32,,0.02
2025-11-28 07:52:11,0.51,0.2,3.67,-1.32,,0.02
2025-11-28 07:52:11,0.51,0.2,3.67,-1.32,,0.02
2025-11-28 07:52:12,0.51,0.2,3.67,-1.32,,0.02
2025-11-28 07:52:12,0.51,0.2,3.67,-1.32,,0.02
2025-11-28 07:52:12,0.51,0.2,3.67,-1.32,,0.02
2025-11-28 07:52:13,0.51,0.2,3.67,-1.32,,0.02
2025-11-28 07:52:13,0.51,0.2,3.67,-1.32,,0.02
2025-11-28 07:52:13,0.51,0.2,3.67,-1.32,,0.02
2025-11-28 07:52:13,0.51,0.2,3.67,-1.32,,0.02
2025-11-28 07:52:13,0.51,0.2,3.67,-1.32,,0.02
2025-11-28 07:52:14,0.51,0.2,3.67,-1.32,,0.01
2025-11-28 07:52:14,0.51,0.2,3.67,-1.32,,0.01
2025-11-28 07:52:14,0.51,0.2,3.67,-1.32,,0.01
2025-11-28 07:52:14,0.51,0.2,3.67,-1.32,,0.01
2025-11-28 07:52:15,0.51,0.2,3.67,-1.32,,0.01
2025-11-28 07:52:15,0.51,0.2,3.67,-1.32,,0.01
2025-11-28 07:52:15,0.52,0.2,3.67,-1.32,,0.01
2025-11-28 07:52:15,0.52,0.2,3.67,-1.32,,0.01
2025-11-28 07:52:15,0.52,0.2,3.67,-1.32,,0.01
2025-11-28 07:52:15,0.52,0.2,3.67,-1.32,,0.01
2025-11-28 07:52:15,0.52,0.2,3.67,-1.32,,0.01
2025-11-28 07:52:16,0.52,0.2,3.67,-1.32,,0.01
2025-11-28 07:52:16,0.52,0.2,3.67,-1.32,,0.01
2025-11-28 07:52:16,0.52,0.21,3.67,-1.32,,0.01
2025-11-28 07:52:16,0.52,0.21,3.67,-1.32,,0.01
2025-11-28 07:52:16,0.52,0.21,3.67,-1.32,,0.01
2025-11-28 07:52:16,0.52,0.21,3.67,-1.32,,0.01
2025-11-28 07:52:16,0.52,0.21,3.67,-1.32,,0.01
2025-11-28 07:52:16,0.52,0.21,3.67,-1.32,,0.01
2025-11-28 07:52:17,0.52,0.21,3.67,-1.32,,0.01
2025-11-28 07:52:18,0.52,0.21,3.67,-1.32,,0.01
2025-11-28 07:52:18,0.52,0.21,3.67,-1.32,,0.01
2025-11-28 07:52:18,0.52,0.21,3.67,-1.32,,0.01
2025-11-28 07:52:18,0.52,0.21,3.67,-1.32,,0.01
2025-11-28 07:52:18,0.52,0.21,3.67,-1.32,,0.01
2025-11-28 07:52:18,0.52,0.21,3.67,-1.32,,0.01
2025-11-28 07:52:18,0.52,0.21,3.67,-1.32,,0.01
2025-11-28 07:52:18,0.52,0.21,3.67,-1.32,,0.01
2025-11-28 07:52:18,0.52,0.21,3.67,-1.32,,0.01
2025-11-28 07:52:18,0.52,0.21,3.67,-1.32,,0.01
2025-11-28 07:52:19,0.52,0.21,3.67,-1.32,,0.01
2025-11-28 07:52:19,0.52,0.21,3.67,-1.32,,0.01
2025-11-28 07:52:19,0.52,0.21,3.67,-1.32,,0.01
2025-11-28 07:52:20,0.52,0.21,3.67,-1.32,,0.01
2025-11-28 07:52:21,0.52,0.21,3.67,-1.32,,0.01
2025-11-28 07:52:21,0.52,0.21,3.67,-1.32,,0.01
2025-11-28 07:52:21,0.52,0.21,3.67,-1.32,,0.01
2025-11-28 07:52:21,0.52,0.21,3.67,-1.32,,0.01
2025-11-28 07:52:21,0.52,0.21,3.67,-1.32,,0.01
2025-11-28 07:52:21,0.52,0.21,3.67,-1.32,,0.01
2025-11-28 07:52:21,0.52,0.21,3.67,-1.32,,0.01
2025-11-28 07:52:22,0.52,0.2,3.67,-1.32,,0.01
2025-11-28 07:52:22,0.53,0.2,3.67,-1.32,,0.01
2025-11-28 07:52:22,0.53,0.2,3.67,-1.32,,0.01
2025-11-28 07:52:22,0.53,0.2,3.67,-1.32,,0.01
2025-11-28 07:52:22,0.53,0.2,3.67,-1.32,,0.01
2025-11-28 07:52:23,0.53,0.2,3.67,-1.32,,0.01
2025-11-28 07:52:23,0.53,0.2,3.67,-1.32,,0.01
2025-11-28 07:52:23,0.53,0.21,3.67,-1.32,,0.01
2025-11-28 07:52:23,0.53,0.21,3.67,-1.32,,0.01
2025-11-28 07:52:23,0.53,0.21,3.67,-1.32,,0.01
2025-11-28 07:52:23,0.53,0.21,3.67,-1.32,,0.01
2025-11-28 07:52:23,0.53,0.21,3.67,-1.32,,0.01
2025-11-28 07:52:24,0.53,0.21,3.67,-1.32,,0.01
2025-11-28 07:52:24,0.53,0.21,3.67,-1.32,,0.01
2025-11-28 07:52:25,0.53,0.21,3.67,-1.32,,0.01
2025-11-28 07:52:25,0.53,0.21,3.67,-1.32,,0.01
2025-11-28 07:52:25,0.53,0.21,3.67,-1.32,,0.01
2025-11-28 07:52:26,0.53,0.21,3.67,-1.32,,0.01
2025-11-28 07:52:26,0.53,0.21,3.67,-1.32,,0.01
2025-11-28 07:52:26,0.53,0.21,3.67,-1.32,,0.01
2025-11-28 07:52:26,0.53,0.2,3.67,-1.32,,0.01
2025-11-28 07:52:26,0.53,0.2,3.67,-1.32,,0.01
2025-11-28 07:52:26,0.53,0.2,3.67,-1.32,,0.01
2025-11-28 07:52:27,0.53,0.2,3.67,-1.32,,0.01
2025-11-28 07:52:27,0.53,0.2,3.67,-1.32,,0.01
2025-11-28 07:52:27,0.53,0.2,3.67,-1.32,,0.01
2025-11-28 07:52:27,0.53,0.2,3.67,-1.32,,0.01
2025-11-28 07:52:27,0.53,0.2,3.67,-1.32,,0.01
2025-11-28 07:52:27,0.53,0.2,3.67,-1.32,,0.01
2025-11-28 07:52:28,0.53,0.2,3.67,-1.32,,0.01
2025-11-28 07:52:28,0.53,0.2,3.67,-1.32,,0.01
2025-11-28 07:52:28,0.53,0.2,3.67,-1.32,,0.01
2025-11-28 07:52:28,0.53,0.2,3.67,-1.32,,0.01
2025-11-28 07:52:28,0.53,0.2,3.67,-1.32,,0.01
2025-11-28 07:52:28,0.53,0.2,3.67,-1.32,,0.01
2025-11-28 07:52:29,0.53,0.2,3.67,-1.32,,0.01
2025-11-28 07:52:29,0.53,0.2,3.67,-1.32,,0.01
2025-11-28 07:52:30,0.53,0.2,3.67,-1.32,,0.01
2025-11-28 07:52:30,0.53,0.2,3.67,-1.32,,0.01
2025-11-28 07:52:30,0.53,0.2,3.67,-1.32,,0.01
2025-11-28 07:52:30,0.53,0.2,3.67,-1.32,,0.01
2025-11-28 07:52:30,0.53,0.2,3.67,-1.32,,0.01
2025-11-28 07:52:30,0.53,0.2,3.67,-1.32,,0.01
2025-11-28 07:52:30,0.53,0.2,3.67,-1.32,,0.01
2025-11-28 07:52:30,0.53,0.2,3.67,-1.32,,0.01
2025-11-28 07:52:30,0.53,0.2,3.67,-1.32,,0.01
2025-11-28 07:52:32,0.53,0.2,3.67,-1.32,,0.01
2025-11-28 07:52:32,0.53,0.2,3.67,-1.32,,0.01
2025-11-28 07:52:32,0.53,0.2,3.67,-1.32,,0.01
2025-11-28 07:52:33,0.53,0.2,3.67,-1.32,,0.01
2025-11-28 07:52:33,0.53,0.21,3.67,-1.32,,0.01
2025-11-28 07:52:33,0.53,0.21,3.67,-1.32,,0.01
2025-11-28 07:52:33,0.53,0.21,3.67,-1.32,,0.01
2025-11-28 07:52:33,0.53,0.21,3.67,-1.32,,0.01
2025-11-28 07:52:33,0.53,0.21,3.67,-1.32,,0.01
2025-11-28 07:52:34,0.53,0.21,3.67,-1.32,,0.01
2025-11-28 07:52:34,0.53,0.21,3.67,-1.32,,0.01
2025-11-28 07:52:34,0.53,0.21,3.67,-1.32,,0.01
2025-11-28 07:52:34,0.53,0.21,3.67,-1.32,,0.01
2025-11-28 07:52:34,0.53,0.21,3.67,-1.32,,0.01
2025-11-28 07:52:34,0.53,0.21,3.67,-1.32,,0.01
2025-11-28 07:52:36,0.53,0.21,3.67,-1.32,,0.01
2025-11-28 07:52:36,0.53,0.21,3.67,-1.32,,0.01
2025-11-28 07:52:36,0.53,0.21,3.67,-1.32,,0.01
2025-11-28 07:52:37,0.53,0.21,3.67,-1.32,,0.01
2025-11-28 07:52:37,0.53,0.21,3.67,-1.32,,0.01
2025-11-28 07:52:37,0.53,0.21,3.67,-1.32,,0.01
2025-11-28 07:52:37,0.53,0.21,3.67,-1.32,,0.01
2025-11-28 07:52:38,0.53,0.21,3.67,-1.32,,0.01
2025-11-28 07:52:38,0.53,0.21,3.67,-1.32,,0.01
2025-11-28 07:52:38,0.53,0.21,3.67,-1.32,,0.01
2025-11-28 07:52:38,0.53,0.21,3.67,-1.32,,0.01
2025-11-28 07:52:38,0.53,0.21,3.67,-1.32,,0.01
2025-11-28 07:52:39,0.52,0.21,3.67,-1.32,,0.01
2025-11-28 07:52:39,0.52,0.21,3.67,-1.32,,0.01
2025-11-28 07:52:39,0.52,0.21,3.67,-1.32,,0.01
2025-11-28 07:52:41,0.52,0.21,3.67,-1.32,,0.01
2025-11-28 07:52:41,0.52,0.21,3.67,-1.32,,0.01
2025-11-28 07:52:41,0.52,0.21,3.67,-1.32,,0.01
2025-11-28 07:52:42,0.52,0.21,3.67,-1.32,,0.01
2025-11-28 07:52:42,0.51,0.21,3.67,-1.32,,0.01
2025-11-28 07:52:42,0.51,0.21,3.67,-1.32,,0.01
2025-11-28 07:52:42,0.51,0.21,3.67,-1.32,,0.01
2025-11-28 07:52:43,0.51,0.21,3.67,-1.32,,0.01
2025-11-28 07:52:43,0.51,0.21,3.67,-1.32,,0.01
2025-11-28 07:52:43,0.51,0.21,3.67,-1.32,,0.01
2025-11-28 07:52:43,0.51,0.21,3.67,-1.32,,0.01
2025-11-28 07:52:44,0.51,0.21,3.67,-1.32,,0.01
2025-11-28 07:52:44,0.51,0.21,3.67,-1.32,,0.01
2025-11-28 07:52:44,0.51,0.21,3.67,-1.32,,0.01
2025-11-28 07:52:44,0.51,0.21,3.67,-1.32,,0.01
2025-11-28 07:52:44,0.51,0.21,3.67,-1.32,,0.01
2025-11-28 07:52:44,0.51,0.21,3.67,-1.32,,0.01
2025-11-28 07:52:44,0.51,0.21,3.67,-1.32,,0.01
2025-11-28 07:52:45,0.52,0.21,3.67,-1.32,,0.01
2025-11-28 07:52:45,0.52,0.21,3.67,-1.32,,0.01
2025-11-28 07:52:45,0.52,0.21,3.67,-1.32,,0.01
2025-11-28 07:52:46,0.52,0.21,3.67,-1.32,,0.01
2025-11-28 07:52:46,0.52,0.21,3.67,-1.32,,0.01
2025-11-28 07:52:46,0.52,0.21,3.67,-1.32,,0.01
2025-11-28 07:52:47,0.52,0.21,3.67,-1.32,,0.01
2025-11-28 07:52:47,0.52,0.21,3.67,-1.32,,0.01
2025-11-28 07:52:47,0.52,0.21,3.67,-1.32,,0.01
2025-11-28 07:52:47,0.52,0.21,3.67,-1.32,,0.01
2025-11-28 07:52:47,0.52,0.21,3.67,-1.32,,0.01
2025-11-28 07:52:47,0.52,0.21,3.67,-1.32,,0.01
2025-11-28 07:52:47,0.52,0.21,3.67,-1.32,,0.01
2025-11-28 07:52:47,0.52,0.21,3.67,-1.32,,0.01
2025-11-28 07:52:48,0.51,0.21,3.67,-1.32,,0.01
2025-11-28 07:52:48,0.51,0.21,3.67,-1.32,,0.01
2025-11-28 07:52:48,0.51,0.21,3.67,-1.32,,0.01
2025-11-28 07:52:48,0.51,0.21,3.67,-1.32,,0.01
2025-11-28 07:52:48,0.51,0.21,3.67,-1.32,,0.01
2025-11-28 07:52:48,0.51,0.21,3.67,-1.32,,0.01
2025-11-28 07:52:49,0.51,0.21,3.67,-1.32,,0.01
2025-11-28 07:52:49,0.51,0.21,3.67,-1.32,,0.01
2025-11-28 07:52:49,0.51,0.21,3.67,-1.32,,0.01
2025-11-28 07:52:49,0.51,0.21,3.67,-1.32,,0.01
2025-11-28 07:52:49,0.51,0.21,3.67,-1.32,,0.01
2025-11-28 07:52:49,0.51,0.21,3.67,-1.32,,0.01
2025-11-28 07:52:50,0.51,0.2,3.67,-1.32,,0.01
2025-11-28 07:52:50,0.51,0.2,3.67,-1.32,,0.01
2025-11-28 07:52:50,0.51,0.2,3.67,-1.32,,0.01
2025-11-28 07:52:51,0.52,0.2,3.67,-1.32,,0.01
2025-11-28 07:52:51,0.52,0.2,3.67,-1.32,,0.01
2025-11-28 07:52:52,0.52,0.2,3.67,-1.32,,0.01
2025-11-28 07:52:52,0.52,0.2,3.67,-1.32,,0.01
2025-11-28 07:52:52,0.52,0.2,3.67,-1.32,,0.01
2025-11-28 07:52:52,0.52,0.2,3.67,-1.32,,0.01
2025-11-28 07:52:53,0.52,0.2,3.67,-1.32,,0.01
2025-11-28 07:52:53,0.52,0.2,3.67,-1.32,,0.01
2025-11-28 07:52:53,0.52,0.2,3.67,-1.32,,0.01
2025-11-28 07:52:54,0.52,0.2,3.67,-1.32,,0.01
2025-11-28 07:52:54,0.52,0.2,3.67,-1.32,,0.01
2025-11-28 07:52:54,0.52,0.2,3.67,-1.32,,0.01
2025-11-28 07:52:54,0.52,0.2,3.67,-1.32,,0.01
2025-11-28 07:52:54,0.52,0.2,3.67,-1.32,,0.01
2025-11-28 07:52:54,0.52,0.2,3.67,-1.32,,0.01
2025-11-28 07:52:55,0.52,0.2,3.67,-1.32,,0.01
2025-11-28 07:52:55,0.52,0.2,3.67,-1.32,,0.01
2025-11-28 07:52:55,0.52,0.2,3.67,-1.32,,0.01
2025-11-28 07:52:56,0.52,0.2,3.67,-1.32,,0.01
2025-11-28 07:52:56,0.52,0.2,3.67,-1.32,,0.01
2025-11-28 07:52:57,0.52,0.2,3.67,-1.32,,0.01
2025-11-28 07:52:57,0.52,0.21,3.67,-1.32,,0.01
2025-11-28 07:52:57,0.52,0.21,3.67,-1.32,,0.01
2025-11-28 07:52:57,0.52,0.21,3.67,-1.32,,0.01
2025-11-28 07:52:57,0.52,0.21,3.67,-1.32,,0.01
2025-11-28 07:52:57,0.52,0.21,3.67,-1.32,,0.01
2025-11-28 07:52:58,0.52,0.21,3.67,-1.32,,0.01
2025-11-28 07:52:58,0.53,0.21,3.67,-1.32,,0.01
2025-11-28 07:52:58,0.53,0.21,3.67,-1.32,,0.01
2025-11-28 07:52:58,0.53,0.21,3.67,-1.32,,0.01
2025-11-28 07:52:58,0.53,0.21,3.67,-1.32,,0.01
2025-11-28 07:52:58,0.53,0.21,3.67,-1.32,,0.01
2025-11-28 07:52:59,0.52,0.21,3.67,-1.32,,0.01
2025-11-28 07:52:59,0.52,0.21,3.67,-1.32,,0.01
2025-11-28 07:53:00,0.52,0.21,3.67,-1.32,,0.01
2025-11-28 07:53:00,0.52,0.21,3.67,-1.32,,0.01
2025-11-28 07:53:00,0.52,0.21,3.67,-1.32,,0.01
2025-11-28 07:53:00,0.52,0.21,3.67,-1.32,,0.01
2025-11-28 07:53:01,0.52,0.21,3.67,-1.32,,0.01
2025-11-28 07:53:01,0.52,0.2,3.67,-1.32,,0.01
2025-11-28 07:53:02,0.52,0.2,3.67,-1.32,,0.01
2025-11-28 07:53:02,0.52,0.2,3.67,-1.32,,0.01
2025-11-28 07:53:02,0.52,0.2,3.67,-1.32,,0.01
2025-11-28 07:53:02,0.52,0.2,3.67,-1.32,,0.01
2025-11-28 07:53:03,0.52,0.2,3.67,-1.32,,0.01
2025-11-28 07:53:03,0.52,0.2,3.67,-1.32,,0.01
2025-11-28 07:53:03,0.52,0.2,3.67,-1.32,,0.01
2025-11-28 07:53:04,0.52,0.2,3.67,-1.32,,0.01
2025-11-28 07:53:04,0.52,0.2,3.67,-1.32,,0.01
2025-11-28 07:53:04,0.52,0.2,3.67,-1.32,,0.01
2025-11-28 07:53:04,0.52,0.2,3.67,-1.32,,0.01
2025-11-28 07:53:04,0.52,0.2,3.67,-1.32,,0.01
2025-11-28 07:53:05,0.52,0.2,3.67,-1.32,,0.01
2025-11-28 07:53:05,0.52,0.2,3.67,-1.32,,0.01
2025-11-28 07:53:05,0.52,0.2,3.67,-1.32,,0.01
2025-11-28 07:53:05,0.52,0.2,3.67,-1.32,,0.01
2025-11-28 07:53:05,0.52,0.2,3.67,-1.32,,0.01
2025-11-28 07:53:05,0.52,0.2,3.67,-1.32,,0.01
2025-11-28 07:53:05,0.52,0.2,3.67,-1.32,,0.01
2025-11-28 07:53:05,0.52,0.2,3.67,-1.32,,0.01
2025-11-28 07:53:05,0.52,0.2,3.67,-1.32,,0.01
2025-11-28 07:53:05,0.52,0.2,3.67,-1.32,,0.01
2025-11-28 07:53:05,0.52,0.2,3.67,-1.32,,0.01
2025-11-28 07:53:06,0.52,0.2,3.67,-1.32,,0.01
2025-11-28 07:53:06,0.52,0.2,3.67,-1.32,,0.01
2025-11-28 07:53:06,0.52,0.2,3.67,-1.32,,0.01
2025-11-28 07:53:06,0.52,0.2,3.67,-1.32,,0.01
2025-11-28 07:53:06,0.52,0.2,3.67,-1.32,,0.01
2025-11-28 07:53:08,0.52,0.2,3.67,-1.32,,0.02
2025-11-28 07:53:08,0.51,0.2,3.67,-1.32,,0.02
2025-11-28 07:53:08,0.51,0.2,3.67,-1.32,,0.02
2025-11-28 07:53:08,0.51,0.19,3.67,-1.32,,0.02
2025-11-28 07:53:08,0.51,0.19,3.67,-1.32,,0.02
2025-11-28 07:53:09,0.51,0.19,3.67,-1.32,,0.02
2025-11-28 07:53:09,0.51,0.19,3.67,-1.32,,0.02
2025-11-28 07:53:09,0.51,0.19,3.67,-1.32,,0.02
2025-11-28 07:53:09,0.51,0.19,3.67,-1.32,,0.01
2025-11-28 07:53:09,0.51,0.19,3.67,-1.32,,0.01
2025-11-28 07:53:09,0.51,0.19,3.67,-1.32,,0.01
2025-11-28 07:53:09,0.51,0.19,3.67,-1.32,,0.01
2025-11-28 07:53:09,0.51,0.19,3.67,-1.32,,0.01
2025-11-28 07:53:10,0.51,0.19,3.67,-1.32,,0.02
2025-11-28 07:53:10,0.51,0.19,3.67,-1.32,,0.02
2025-11-28 07:53:10,0.51,0.19,3.67,-1.32,,0.02
2025-11-28 07:53:10,0.51,0.19,3.67,-1.32,,0.02
2025-11-28 07:53:10,0.51,0.19,3.67,-1.32,,0.02
2025-11-28 07:53:11,0.51,0.19,3.67,-1.32,,0.02
2025-11-28 07:53:11,0.52,0.19,3.67,-1.32,,0.02
2025-11-28 07:53:11,0.52,0.19,3.67,-1.32,,0.02
2025-11-28 07:53:11,0.52,0.19,3.67,-1.32,,0.02
2025-11-28 07:53:11,0.52,0.19,3.67,-1.32,,0.02
2025-11-28 07:53:12,0.52,0.19,3.67,-1.32,,0.02
2025-11-28 07:53:12,0.52,0.18,3.67,-1.32,,0.02
2025-11-28 07:53:12,0.51,0.18,3.67,-1.32,,0.02
2025-11-28 07:53:12,0.51,0.18,3.67,-1.32,,0.02
2025-11-28 07:53:12,0.51,0.18,3.67,-1.32,,0.02
2025-11-28 07:53:12,0.51,0.18,3.67,-1.32,,0.02
2025-11-28 07:53:12,0.51,0.18,3.67,-1.32,,0.02
2025-11-28 07:53:12,0.51,0.18,3.67,-1.32,,0.02
2025-11-28 07:53:13,0.51,0.18,3.67,-1.32,,0.02
2025-11-28 07:53:13,0.51,0.18,3.67,-1.32,,0.02
2025-11-28 07:53:13,0.51,0.18,3.67,-1.32,,0.02
2025-11-28 07:53:13,0.51,0.18,3.67,-1.32,,0.02
2025-11-28 07:53:13,0.51,0.18,3.67,-1.32,,0.02
2025-11-28 07:53:13,0.51,0.18,3.67,-1.32,,0.02
2025-11-28 07:53:13,0.51,0.18,3.67,-1.32,,0.02
2025-11-28 07:53:13,0.51,0.18,3.67,-1.32,,0.02
2025-11-28 07:53:14,0.51,0.18,3.67,-1.32,,0.02
2025-11-28 07:53:14,0.51,0.18,3.67,-1.32,,0.02
2025-11-28 07:53:14,0.51,0.18,3.67,-1.32,,0.02
2025-11-28 07:53:14,0.51,0.18,3.67,-1.32,,0.02
2025-11-28 07:53:14,0.51,0.18,3.67,-1.32,,0.02
2025-11-28 07:53:14,0.51,0.18,3.67,-1.32,,0.02
2025-11-28 07:53:14,0.51,0.18,3.67,-1.32,,0.02
2025-11-28 07:53:14,0.51,0.18,3.67,-1.32,,0.02
2025-11-28 07:53:15,0.51,0.18,3.67,-1.32,,0.02
2025-11-28 07:53:15,0.51,0.18,3.67,-1.32,,0.02
2025-11-28 07:53:15,0.51,0.18,3.67,-1.32,,0.02
2025-11-28 07:53:16,0.51,0.18,3.67,-1.32,,0.02
2025-11-28 07:53:16,0.51,0.19,3.67,-1.32,,0.02
2025-11-28 07:53:16,0.51,0.19,3.67,-1.32,,0.02
2025-11-28 07:53:16,0.51,0.19,3.67,-1.32,,0.02
2025-11-28 07:53:17,0.51,0.19,3.67,-1.32,,0.02
2025-11-28 07:53:17,0.51,0.19,3.67,-1.32,,0.02
2025-11-28 07:53:17,0.51,0.19,3.67,-1.32,,0.02
2025-11-28 07:53:17,0.51,0.19,3.67,-1.32,,0.02
2025-11-28 07:53:18,0.51,0.19,3.67,-1.32,,0.02
2025-11-28 07:53:18,0.51,0.19,3.67,-1.32,,0.02
2025-11-28 07:53:18,0.51,0.19,3.67,-1.32,,0.02
2025-11-28 07:53:18,0.51,0.19,3.67,-1.32,,0.02
2025-11-28 07:53:18,0.51,0.19,3.67,-1.32,,0.02
2025-11-28 07:53:18,0.51,0.19,3.67,-1.32,,0.02
2025-11-28 07:53:18,0.51,0.19,3.67,-1.32,,0.02
2025-11-28 07:53:18,0.51,0.19,3.67,-1.32,,0.02
2025-11-28 07:53:18,0.51,0.19,3.67,-1.32,,0.02
2025-11-28 07:53:20,0.51,0.19,3.67,-1.32,,0.02
2025-11-28 07:53:20,0.51,0.19,3.67,-1.32,,0.02
2025-11-28 07:53:20,0.51,0.19,3.67,-1.32,,0.02
2025-11-28 07:53:20,0.51,0.19,3.67,-1.32,,0.02
2025-11-28 07:53:20,0.51,0.19,3.67,-1.32,,0.02
2025-11-28 07:53:21,0.51,0.19,3.67,-1.32,,0.02
2025-11-28 07:53:21,0.51,0.19,3.67,-1.32,,0.02
2025-11-28 07:53:21,0.51,0.19,3.67,-1.32,,0.02
2025-11-28 07:53:22,0.51,0.19,3.67,-1.32,,0.02
2025-11-28 07:53:22,0.51,0.19,3.67,-1.32,,0.02
2025-11-28 07:53:22,0.51,0.19,3.67,-1.32,,0.02
2025-11-28 07:53:23,0.51,0.19,3.67,-1.32,,0.02
2025-11-28 07:53:23,0.51,0.19,3.67,-1.32,,0.02
2025-11-28 07:53:23,0.51,0.19,3.67,-1.32,,0.02
2025-11-28 07:53:24,0.51,0.19,3.67,-1.32,,0.02
2025-11-28 07:53:24,0.51,0.19,3.67,-1.32,,0.02
2025-11-28 07:53:25,0.51,0.19,3.67,-1.32,,0.02
2025-11-28 07:53:25,0.51,0.19,3.67,-1.32,,0.02
2025-11-28 07:53:25,0.51,0.19,3.67,-1.32,,0.02
2025-11-28 07:53:25,0.51,0.19,3.67,-1.32,,0.02
2025-11-28 07:53:25,0.5,0.19,3.67,-1.32,,0.02
2025-11-28 07:53:25,0.5,0.18,3.67,-1.32,,0.02
2025-11-28 07:53:25,0.5,0.18,3.67,-1.32,,0.02
2025-11-28 07:53:25,0.5,0.18,3.67,-1.32,,0.02
2025-11-28 07:53:26,0.5,0.18,3.67,-1.32,,0.02
2025-11-28 07:53:26,0.5,0.18,3.67,-1.32,,0.02
2025-11-28 07:53:28,0.5,0.18,3.67,-1.32,,0.02
2025-11-28 07:53:28,0.51,0.18,3.67,-1.32,,0.02
2025-11-28 07:53:28,0.51,0.18,3.67,-1.32,,0.02
2025-11-28 07:53:29,0.51,0.18,3.67,-1.32,,0.02
2025-11-28 07:53:29,0.51,0.18,3.67,-1.32,,0.02
2025-11-28 07:53:29,0.51,0.18,3.67,-1.32,,0.02
2025-11-28 07:53:29,0.51,0.18,3.67,-1.32,,0.02
2025-11-28 07:53:29,0.51,0.18,3.67,-1.32,,0.02
2025-11-28 07:53:31,0.51,0.18,3.67,-1.32,,0.02
2025-11-28 07:53:31,0.51,0.18,3.67,-1.32,,0.02
2025-11-28 07:53:31,0.51,0.18,3.67,-1.32,,0.02
2025-11-28 07:53:31,0.51,0.18,3.67,-1.32,,0.02
2025-11-28 07:53:31,0.51,0.18,3.67,-1.32,,0.02
2025-11-28 07:53:32,0.51,0.18,3.67,-1.32,,0.02
2025-11-28 07:53:32,0.51,0.18,3.67,-1.32,,0.02
2025-11-28 07:53:32,0.51,0.18,3.67,-1.32,,0.02
2025-11-28 07:53:33,0.51,0.18,3.67,-1.32,,0.02
2025-11-28 07:53:33,0.51,0.18,3.67,-1.32,,0.02
2025-11-28 07:53:33,0.51,0.18,3.67,-1.32,,0.02
2025-11-28 07:53:34,0.51,0.18,3.67,-1.32,,0.02
2025-11-28 07:53:34,0.51,0.18,3.67,-1.32,,0.02
2025-11-28 07:53:34,0.51,0.18,3.67,-1.32,,0.02
2025-11-28 07:53:35,0.51,0.18,3.67,-1.32,,0.02
2025-11-28 07:53:35,0.51,0.18,3.67,-1.32,,0.02
2025-11-28 07:53:35,0.51,0.18,3.67,-1.32,,0.02
2025-11-28 07:53:36,0.51,0.18,3.67,-1.32,,0.02
2025-11-28 07:53:36,0.51,0.18,3.67,-1.32,,0.02
2025-11-28 07:53:36,0.51,0.18,3.67,-1.32,,0.02
2025-11-28 07:53:37,0.51,0.18,3.67,-1.32,,0.02
2025-11-28 07:53:37,0.51,0.18,3.67,-1.32,,0.02
2025-11-28 07:53:38,0.51,0.18,3.67,-1.32,,0.02
2025-11-28 07:53:38,0.51,0.18,3.67,-1.32,,0.02
2025-11-28 07:53:38,0.51,0.18,3.67,-1.32,,0.02
2025-11-28 07:53:38,0.51,0.18,3.67,-1.32,,0.02
2025-11-28 07:53:38,0.51,0.18,3.67,-1.32,,0.02
2025-11-28 07:53:38,0.51,0.18,3.67,-1.32,,0.02
2025-11-28 07:53:38,0.51,0.18,3.67,-1.32,,0.02
2025-11-28 07:53:39,0.51,0.17,3.67,-1.32,,0.02
2025-11-28 07:53:39,0.51,0.17,3.67,-1.32,,0.02
2025-11-28 07:53:39,0.51,0.17,3.67,-1.32,,0.02
2025-11-28 07:53:39,0.51,0.17,3.67,-1.32,,0.02
2025-11-28 07:53:39,0.51,0.17,3.67,-1.32,,0.02
2025-11-28 07:53:39,0.51,0.17,3.67,-1.32,,0.02
2025-11-28 07:53:40,0.51,0.17,3.67,-1.32,,0.02
2025-11-28 07:53:40,0.51,0.17,3.67,-1.32,,0.02
2025-11-28 07:53:40,0.51,0.17,3.67,-1.32,,0.02
2025-11-28 07:53:40,0.51,0.17,3.67,-1.32,,0.02
2025-11-28 07:53:40,0.51,0.17,3.67,-1.32,,0.02
2025-11-28 07:53:40,0.51,0.17,3.67,-1.32,,0.02
2025-11-28 07:53:41,0.51,0.17,3.67,-1.32,,0.02
2025-11-28 07:53:41,0.51,0.17,3.67,-1.32,,0.02
2025-11-28 07:53:41,0.51,0.17,3.67,-1.32,,0.02
2025-11-28 07:53:41,0.51,0.17,3.67,-1.32,,0.02
2025-11-28 07:53:41,0.51,0.17,3.67,-1.32,,0.02
2025-11-28 07:53:41,0.51,0.17,3.67,-1.32,,0.02
2025-11-28 07:53:42,0.51,0.17,3.67,-1.32,,0.02
2025-11-28 07:53:42,0.51,0.17,3.67,-1.32,,0.02
2025-11-28 07:53:43,0.51,0.17,3.67,-1.32,,0.02
2025-11-28 07:53:43,0.51,0.17,3.67,-1.32,,0.02
2025-11-28 07:53:43,0.51,0.17,3.67,-1.32,,0.02
2025-11-28 07:53:43,0.51,0.17,3.67,-1.32,,0.02
2025-11-28 07:53:44,0.51,0.17,3.67,-1.32,,0.02
2025-11-28 07:53:44,0.51,0.17,3.67,-1.32,,0.02
2025-11-28 07:53:44,0.51,0.17,3.67,-1.32,,0.02
2025-11-28 07:53:44,0.51,0.17,3.67,-1.32,,0.02
2025-11-28 07:53:45,0.51,0.17,3.67,-1.32,,0.02
2025-11-28 07:53:45,0.52,0.17,3.67,-1.32,,0.02
2025-11-28 07:53:45,0.52,0.17,3.67,-1.32,,0.02
2025-11-28 07:53:45,0.52,0.17,3.67,-1.32,,0.02
2025-11-28 07:53:45,0.52,0.17,3.67,-1.32,,0.02
2025-11-28 07:53:46,0.52,0.17,3.67,-1.32,,0.02
2025-11-28 07:53:46,0.52,0.17,3.67,-1.32,,0.02
2025-11-28 07:53:46,0.52,0.17,3.67,-1.32,,0.02
2025-11-28 07:53:46,0.52,0.17,3.67,-1.32,,0.02
2025-11-28 07:53:46,0.52,0.17,3.67,-1.32,,0.02
2025-11-28 07:53:46,0.52,0.17,3.67,-1.32,,0.02
2025-11-28 07:53:46,0.52,0.17,3.67,-1.32,,0.02
2025-11-28 07:53:46,0.52,0.17,3.67,-1.32,,0.02
2025-11-28 07:53:47,0.52,0.17,3.67,-1.32,,0.02
2025-11-28 07:53:47,0.52,0.17,3.67,-1.32,,0.02
2025-11-28 07:53:47,0.52,0.17,3.67,-1.32,,0.02
2025-11-28 07:53:48,0.52,0.17,3.67,-1.32,,0.02
2025-11-28 07:53:48,0.52,0.17,3.67,-1.32,,0.02
2025-11-28 07:53:48,0.52,0.17,3.67,-1.32,,0.02
2025-11-28 07:53:49,0.52,0.17,3.67,-1.32,,0.02
2025-11-28 07:53:49,0.52,0.17,3.67,-1.32,,0.02
2025-11-28 07:53:49,0.52,0.17,3.67,-1.32,,0.02
2025-11-28 07:53:49,0.52,0.17,3.67,-1.32,,0.02
2025-11-28 07:53:49,0.52,0.17,3.67,-1.32,,0.02
2025-11-28 07:53:49,0.52,0.17,3.67,-1.32,,0.02
2025-11-28 07:53:49,0.52,0.17,3.67,-1.32,,0.02
2025-11-28 07:53:49,0.52,0.17,3.67,-1.32,,0.02
2025-11-28 07:53:50,0.52,0.17,3.67,-1.32,,0.02
2025-11-28 07:53:50,0.52,0.17,3.67,-1.32,,0.02
2025-11-28 07:53:50,0.52,0.17,3.67,-1.32,,0.02
2025-11-28 07:53:51,0.52,0.17,3.67,-1.32,,0.02
2025-11-28 07:53:51,0.52,0.17,3.67,-1.32,,0.02
2025-11-28 07:53:52,0.52,0.17,3.67,-1.32,,0.02
2025-11-28 07:53:52,0.52,0.17,3.67,-1.32,,0.02
2025-11-28 07:53:52,0.52,0.17,3.67,-1.32,,0.02
2025-11-28 07:53:53,0.52,0.17,3.67,-1.32,,0.02
2025-11-28 07:53:53,0.51,0.17,3.67,-1.32,,0.02
2025-11-28 07:53:53,0.51,0.17,3.67,-1.32,,0.02
2025-11-28 07:53:53,0.51,0.17,3.67,-1.32,,0.02
2025-11-28 07:53:53,0.51,0.17,3.67,-1.32,,0.02
2025-11-28 07:53:54,0.51,0.17,3.67,-1.32,,0.02
2025-11-28 07:53:54,0.51,0.17,3.67,-1.32,,0.02
2025-11-28 07:53:54,0.51,0.17,3.67,-1.32,,0.02
2025-11-28 07:53:54,0.51,0.17,3.67,-1.32,,0.02
2025-11-28 07:53:54,0.51,0.17,3.67,-1.32,,0.02
2025-11-28 07:53:55,0.51,0.17,3.67,-1.32,,0.02
2025-11-28 07:53:55,0.51,0.17,3.67,-1.32,,0.02
2025-11-28 07:53:55,0.51,0.17,3.67,-1.32,,0.02
2025-11-28 07:53:57,0.51,0.18,3.67,-1.32,,0.02
2025-11-28 07:53:57,0.51,0.18,3.67,-1.32,,0.02
2025-11-28 07:53:57,0.51,0.18,3.67,-1.32,,0.02
2025-11-28 07:54:01,0.51,0.16,3.67,-1.32,,0.02
2025-11-28 07:54:01,0.5,0.16,3.67,-1.32,,0.02
2025-11-28 07:54:01,0.5,0.16,3.67,-1.32,,0.02
2025-11-28 07:54:01,0.5,0.16,3.67,-1.32,,0.02
2025-11-28 07:54:01,0.5,0.16,3.67,-1.32,,0.02
2025-11-28 07:54:01,0.5,0.16,3.67,-1.32,,0.02
2025-11-28 07:54:03,0.5,0.16,3.67,-1.32,,0.02
2025-11-28 07:54:03,0.5,0.16,3.67,-1.32,,0.02
2025-11-28 07:54:03,0.51,0.16,3.67,-1.32,,0.02
2025-11-28 07:54:03,0.51,0.16,3.67,-1.32,,0.02
2025-11-28 07:54:04,0.51,0.16,3.67,-1.32,,0.02
2025-11-28 07:54:04,0.51,0.16,3.67,-1.32,,0.02
2025-11-28 07:54:04,0.51,0.16,3.67,-1.32,,0.02
2025-11-28 07:54:04,0.5,0.16,3.67,-1.32,,0.02
2025-11-28 07:54:04,0.5,0.16,3.67,-1.32,,0.02
2025-11-28 07:54:04,0.5,0.16,3.67,-1.32,,0.02
2025-11-28 07:54:05,0.5,0.16,3.67,-1.32,,0.02
2025-11-28 07:54:05,0.5,0.16,3.67,-1.32,,0.02
2025-11-28 07:54:05,0.5,0.16,3.67,-1.32,,0.02
2025-11-28 07:54:06,0.5,0.16,3.67,-1.32,,0.02
2025-11-28 07:54:06,0.5,0.16,3.67,-1.32,,0.02
2025-11-28 07:54:06,0.5,0.16,3.67,-1.32,,0.02
2025-11-28 07:54:06,0.5,0.16,3.67,-1.32,,0.02
2025-11-28 07:54:06,0.5,0.16,3.67,-1.32,,0.02
2025-11-28 07:54:07,0.5,0.16,3.67,-1.32,,0.02
2025-11-28 07:54:07,0.51,0.16,3.67,-1.32,,0.02
2025-11-28 07:54:07,0.51,0.16,3.67,-1.32,,0.02
2025-11-28 07:54:08,0.51,0.16,3.67,-1.32,,0.02
2025-11-28 07:54:08,0.5,0.16,3.67,-1.32,,0.02
2025-11-28 07:54:08,0.5,0.16,3.67,-1.32,,0.02
2025-11-28 07:54:08,0.5,0.16,3.67,-1.32,,0.02
2025-11-28 07:54:09,0.5,0.16,3.67,-1.32,,0.02
2025-11-28 07:54:09,0.5,0.16,3.67,-1.32,,0.02
2025-11-28 07:54:09,0.5,0.16,3.67,-1.32,,0.02
2025-11-28 07:54:11,0.5,0.17,3.67,-1.32,,0.02
2025-11-28 07:54:11,0.51,0.17,3.67,-1.32,,0.02
2025-11-28 07:54:11,0.51,0.17,3.67,-1.32,,0.02
2025-11-28 07:54:12,0.51,0.17,3.67,-1.32,,0.02
2025-11-28 07:54:12,0.51,0.17,3.67,-1.32,,0.02
2025-11-28 07:54:12,0.51,0.17,3.67,-1.32,,0.02
2025-11-28 07:54:12,0.51,0.17,3.67,-1.32,,0.02
2025-11-28 07:54:12,0.52,0.17,3.67,-1.32,,0.02
2025-11-28 07:54:12,0.52,0.17,3.67,-1.32,,0.02
2025-11-28 07:54:12,0.52,0.17,3.67,-1.32,,0.02
2025-11-28 07:54:12,0.52,0.17,3.67,-1.32,,0.02
2025-11-28 07:54:12,0.52,0.17,3.67,-1.32,,0.02
2025-11-28 07:54:13,0.52,0.17,3.67,-1.32,,0.02
2025-11-28 07:54:13,0.52,0.17,3.67,-1.32,,0.02
2025-11-28 07:54:13,0.52,0.17,3.67,-1.32,,0.02
2025-11-28 07:54:14,0.52,0.17,3.67,-1.32,,0.02
2025-11-28 07:54:14,0.52,0.17,3.67,-1.32,,0.02
2025-11-28 07:54:14,0.52,0.17,3.67,-1.32,,0.02
2025-11-28 07:54:15,0.52,0.17,3.67,-1.32,,0.02
2025-11-28 07:54:15,0.52,0.17,3.67,-1.32,,0.02
2025-11-28 07:54:16,0.52,0.17,3.67,-1.32,,0.02
2025-11-28 07:54:16,0.52,0.17,3.67,-1.32,,0.02
2025-11-28 07:54:16,0.52,0.17,3.67,-1.32,,0.02
2025-11-28 07:54:17,0.52,0.17,3.67,-1.32,,0.01
2025-11-28 07:54:17,0.52,0.17,3.67,-1.32,,0.01
2025-11-28 07:54:18,0.52,0.17,3.67,-1.32,,0.01
2025-11-28 07:54:18,0.52,0.17,3.67,-1.32,,0.01
2025-11-28 07:54:18,0.52,0.17,3.67,-1.32,,0.01
2025-11-28 07:54:18,0.52,0.17,3.67,-1.32,,0.01
2025-11-28 07:54:18,0.52,0.17,3.67,-1.32,,0.01
2025-11-28 07:54:18,0.52,0.17,3.67,-1.32,,0.01
2025-11-28 07:54:18,0.52,0.17,3.67,-1.32,,0.01
2025-11-28 07:54:18,0.52,0.17,3.67,-1.32,,0.01
2025-11-28 07:54:18,0.52,0.17,3.67,-1.32,,0.01
2025-11-28 07:54:18,0.52,0.17,3.67,-1.32,,0.01
2025-11-28 07:54:18,0.52,0.17,3.67,-1.32,,0.01
2025-11-28 07:54:18,0.52,0.17,3.67,-1.32,,0.01
2025-11-28 07:54:19,0.52,0.17,3.67,-1.32,,0.01
2025-11-28 07:54:19,0.52,0.17,3.67,-1.32,,0.01
2025-11-28 07:54:19,0.52,0.17,3.67,-1.32,,0.01
2025-11-28 07:54:19,0.52,0.17,3.67,-1.32,,0.01
2025-11-28 07:54:19,0.52,0.17,3.67,-1.32,,0.01
2025-11-28 07:54:19,0.52,0.17,3.67,-1.32,,0.01
2025-11-28 07:54:20,0.52,0.17,3.67,-1.32,,0.01
2025-11-28 07:54:20,0.52,0.17,3.67,-1.32,,0.01
2025-11-28 07:54:20,0.52,0.16,3.67,-1.32,,0.01
2025-11-28 07:54:20,0.52,0.16,3.67,-1.32,,0.01
2025-11-28 07:54:20,0.52,0.16,3.67,-1.32,,0.01
2025-11-28 07:54:20,0.52,0.16,3.67,-1.32,,0.01
2025-11-28 07:54:20,0.52,0.16,3.67,-1.32,,0.01
2025-11-28 07:54:20,0.52,0.16,3.67,-1.32,,0.01
2025-11-28 07:54:21,0.52,0.16,3.67,-1.32,,0.01
2025-11-28 07:54:21,0.52,0.16,3.67,-1.32,,0.01
2025-11-28 07:54:22,0.52,0.16,3.67,-1.32,,0.01
2025-11-28 07:54:22,0.52,0.17,3.67,-1.32,,0.01
2025-11-28 07:54:22,0.52,0.17,3.67,-1.32,,0.01
2025-11-28 07:54:22,0.52,0.17,3.67,-1.32,,0.01
2025-11-28 07:54:22,0.52,0.17,3.67,-1.32,,0.01
2025-11-28 07:54:22,0.52,0.17,3.67,-1.32,,0.01
2025-11-28 07:54:22,0.52,0.17,3.67,-1.32,,0.01
2025-11-28 07:54:24,0.53,0.17,3.67,-1.32,,0.01
2025-11-28 07:54:24,0.53,0.17,3.67,-1.32,,0.01
2025-11-28 07:54:24,0.53,0.17,3.67,-1.32,,0.01
2025-11-28 07:54:24,0.52,0.17,3.67,-1.32,,0.01
2025-11-28 07:54:24,0.52,0.17,3.67,-1.32,,0.01
2025-11-28 07:54:24,0.52,0.17,3.67,-1.32,,0.01
2025-11-28 07:54:25,0.52,0.17,3.67,-1.32,,0.01
2025-11-28 07:54:25,0.52,0.17,3.67,-1.32,,0.01
2025-11-28 07:54:26,0.52,0.17,3.67,-1.32,,0.01
2025-11-28 07:54:26,0.52,0.17,3.67,-1.32,,0.01
2025-11-28 07:54:26,0.52,0.17,3.67,-1.32,,0.01
2025-11-28 07:54:26,0.52,0.17,3.67,-1.32,,0.01
2025-11-28 07:54:26,0.52,0.17,3.67,-1.32,,0.01
2025-11-28 07:54:26,0.52,0.17,3.67,-1.32,,0.01
2025-11-28 07:54:26,0.52,0.17,3.67,-1.32,,0.01
2025-11-28 07:54:26,0.52,0.17,3.67,-1.32,,0.01
2025-11-28 07:54:27,0.52,0.17,3.67,-1.32,,0.01
2025-11-28 07:54:27,0.52,0.17,3.67,-1.32,,0.01
2025-11-28 07:54:27,0.52,0.17,3.67,-1.32,,0.01
2025-11-28 07:54:27,0.52,0.17,3.67,-1.32,,0.01
2025-11-28 07:54:27,0.52,0.17,3.67,-1.32,,0.01
2025-11-28 07:54:29,0.52,0.17,3.67,-1.32,,0
2025-11-28 07:54:29,0.52,0.17,3.67,-1.32,,0
2025-11-28 07:54:30,0.52,0.17,3.67,-1.32,,0
2025-11-28 07:54:30,0.52,0.17,3.67,-1.32,,0
2025-11-28 07:54:30,0.52,0.17,3.67,-1.32,,0
2025-11-28 07:54:31,0.52,0.17,3.67,-1.32,,0
2025-11-28 07:54:32,0.52,0.17,3.67,-1.32,,0
2025-11-28 07:54:32,0.52,0.17,3.67,-1.32,,0
2025-11-28 07:54:32,0.52,0.17,3.67,-1.32,,0
2025-11-28 07:54:32,0.52,0.17,3.67,-1.32,,0
2025-11-28 07:54:32,0.52,0.17,3.67,-1.32,,0
2025-11-28 07:54:32,0.52,0.17,3.67,-1.32,,0
2025-11-28 07:54:33,0.52,0.17,3.67,-1.32,,0
2025-11-28 07:54:33,0.52,0.17,3.67,-1.32,,0
2025-11-28 07:54:34,0.52,0.17,3.67,-1.32,,0
2025-11-28 07:54:34,0.52,0.17,3.67,-1.32,,0
2025-11-28 07:54:35,0.52,0.17,3.67,-1.32,,0
2025-11-28 07:54:35,0.52,0.17,3.67,-1.32,,0
2025-11-28 07:54:35,0.52,0.17,3.67,-1.32,,0
2025-11-28 07:54:35,0.52,0.17,3.67,-1.32,,0
2025-11-28 07:54:36,0.52,0.17,3.67,-1.32,,0
2025-11-28 07:54:36,0.52,0.18,3.67,-1.32,,0
2025-11-28 07:54:36,0.52,0.18,3.67,-1.32,,0
2025-11-28 07:54:36,0.52,0.18,3.67,-1.32,,0
2025-11-28 07:54:36,0.52,0.18,3.67,-1.32,,0
2025-11-28 07:54:36,0.52,0.18,3.67,-1.32,,0
2025-11-28 07:54:37,0.52,0.18,3.67,-1.32,,0
2025-11-28 07:54:37,0.52,0.18,3.67,-1.32,,0
2025-11-28 07:54:37,0.52,0.18,3.67,-1.32,,0
2025-11-28 07:54:38,0.52,0.18,3.67,-1.32,,0
2025-11-28 07:54:38,0.52,0.18,3.67,-1.32,,0
2025-11-28 07:54:38,0.52,0.18,3.67,-1.32,,0
2025-11-28 07:54:38,0.52,0.18,3.67,-1.32,,0
2025-11-28 07:54:39,0.52,0.18,3.67,-1.32,,0
2025-11-28 07:54:39,0.52,0.18,3.67,-1.32,,0
2025-11-28 07:54:39,0.52,0.18,3.67,-1.32,,0
2025-11-28 07:54:39,0.53,0.18,3.67,-1.32,,0
2025-11-28 07:54:39,0.53,0.18,3.67,-1.32,,0
2025-11-28 07:54:39,0.53,0.18,3.67,-1.32,,0
2025-11-28 07:54:40,0.53,0.18,3.67,-1.32,,0
2025-11-28 07:54:40,0.53,0.18,3.67,-1.32,,0
2025-11-28 07:54:40,0.53,0.18,3.67,-1.32,,0
2025-11-28 07:54:40,0.53,0.18,3.67,-1.32,,0
2025-11-28 07:54:41,0.53,0.18,3.67,-1.32,,0
2025-11-28 07:54:41,0.53,0.18,3.67,-1.32,,0
2025-11-28 07:54:41,0.53,0.18,3.67,-1.32,,0
2025-11-28 07:54:41,0.53,0.18,3.67,-1.32,,0
2025-11-28 07:54:42,0.53,0.18,3.67,-1.32,,0
2025-11-28 07:54:42,0.53,0.18,3.67,-1.32,,0
2025-11-28 07:54:42,0.53,0.18,3.67,-1.32,,0
2025-11-28 07:54:43,0.53,0.18,3.67,-1.32,,0
2025-11-28 07:54:43,0.52,0.18,3.67,-1.32,,0
2025-11-28 07:54:43,0.52,0.18,3.67,-1.32,,0
2025-11-28 07:54:43,0.52,0.18,3.67,-1.32,,0
2025-11-28 07:54:43,0.52,0.18,3.67,-1.32,,0
2025-11-28 07:54:43,0.52,0.18,3.67,-1.32,,0
2025-11-28 07:54:44,0.52,0.18,3.67,-1.32,,0
2025-11-28 07:54:44,0.53,0.18,3.67,-1.32,,0
2025-11-28 07:54:44,0.53,0.18,3.67,-1.32,,0
2025-11-28 07:54:44,0.53,0.18,3.67,-1.32,,0
2025-11-28 07:54:44,0.53,0.18,3.67,-1.32,,0
2025-11-28 07:54:45,0.53,0.18,3.67,-1.32,,-0.01
2025-11-28 07:54:45,0.53,0.18,3.67,-1.32,,-0.01
2025-11-28 07:54:45,0.53,0.18,3.67,-1.32,,-0.01
2025-11-28 07:54:45,0.53,0.18,3.67,-1.32,,-0.01
2025-11-28 07:54:45,0.53,0.18,3.67,-1.32,,-0.01
2025-11-28 07:54:45,0.53,0.18,3.67,-1.32,,-0.01
2025-11-28 07:54:46,0.53,0.18,3.67,-1.32,,-0.01
2025-11-28 07:54:46,0.53,0.18,3.67,-1.32,,-0.01
2025-11-28 07:54:47,0.53,0.18,3.67,-1.32,,-0.01
2025-11-28 07:54:47,0.53,0.18,3.67,-1.32,,-0.01
2025-11-28 07:54:47,0.53,0.18,3.67,-1.32,,-0.01
2025-11-28 07:54:48,0.53,0.18,3.67,-1.32,,-0.01
2025-11-28 07:54:48,0.53,0.18,3.67,-1.32,,-0.01
2025-11-28 07:54:48,0.53,0.18,3.67,-1.32,,-0.01
2025-11-28 07:54:48,0.53,0.18,3.67,-1.32,,-0.01
2025-11-28 07:54:48,0.53,0.18,3.67,-1.32,,-0.01
2025-11-28 07:54:48,0.53,0.18,3.67,-1.32,,-0.01
2025-11-28 07:54:49,0.53,0.18,3.67,-1.32,,0
2025-11-28 07:54:49,0.53,0.18,3.67,-1.32,,0
2025-11-28 07:54:49,0.53,0.18,3.67,-1.32,,0
2025-11-28 07:54:49,0.53,0.18,3.67,-1.32,,0
2025-11-28 07:54:49,0.53,0.18,3.67,-1.32,,0
2025-11-28 07:54:49,0.53,0.18,3.67,-1.32,,0
2025-11-28 07:54:49,0.53,0.18,3.67,-1.32,,0
2025-11-28 07:54:49,0.53,0.18,3.67,-1.32,,0
2025-11-28 07:54:50,0.53,0.18,3.67,-1.32,,-0.01
2025-11-28 07:54:50,0.53,0.18,3.67,-1.32,,-0.01
2025-11-28 07:54:50,0.53,0.18,3.67,-1.32,,-0.01
2025-11-28 07:54:50,0.53,0.18,3.67,-1.32,,-0.01
2025-11-28 07:54:50,0.53,0.18,3.67,-1.32,,-0.01
2025-11-28 07:54:50,0.53,0.18,3.67,-1.32,,-0.01
2025-11-28 07:54:51,0.53,0.18,3.67,-1.32,,-0.01
2025-11-28 07:54:51,0.53,0.18,3.67,-1.32,,-0.01
2025-11-28 07:54:51,0.53,0.18,3.67,-1.32,,-0.01
2025-11-28 07:54:52,0.53,0.18,3.67,-1.32,,-0.01
2025-11-28 07:54:52,0.53,0.18,3.67,-1.32,,-0.01
2025-11-28 07:54:52,0.53,0.18,3.67,-1.32,,-0.01
2025-11-28 07:54:52,0.53,0.18,3.67,-1.32,,-0.01
2025-11-28 07:54:52,0.53,0.18,3.67,-1.32,,-0.01
2025-11-28 07:54:53,0.53,0.18,3.67,-1.32,,-0.01
2025-11-28 07:54:53,0.53,0.18,3.67,-1.32,,-0.01
2025-11-28 07:54:53,0.53,0.18,3.65,-1.32,,-0.01
2025-11-28 07:54:53,0.53,0.18,3.65,-1.32,,-0.01
2025-11-28 07:54:54,0.53,0.18,3.65,-1.32,,-0.01
2025-11-28 07:54:54,0.53,0.18,3.65,-1.32,,-0.01
2025-11-28 07:54:54,0.53,0.18,3.65,-1.32,,-0.01
2025-11-28 07:54:54,0.53,0.18,3.65,-1.32,,-0.01
2025-11-28 07:54:54,0.53,0.18,3.65,-1.32,,-0.01
2025-11-28 07:54:55,0.53,0.18,3.65,-1.32,,-0.02
2025-11-28 07:54:55,0.53,0.18,3.65,-1.32,,-0.02
2025-11-28 07:54:55,0.53,0.18,3.65,-1.32,,-0.02
2025-11-28 07:54:55,0.53,0.18,3.65,-1.32,,-0.02
2025-11-28 07:54:55,0.53,0.18,3.65,-1.32,,-0.02
2025-11-28 07:54:56,0.53,0.2,3.65,-1.32,,-0.02
2025-11-28 07:54:56,0.53,0.2,3.65,-1.32,,-0.02
2025-11-28 07:54:56,0.54,0.2,3.65,-1.32,,-0.02
2025-11-28 07:54:56,0.54,0.2,3.65,-1.32,,-0.02
2025-11-28 07:54:56,0.54,0.2,3.65,-1.32,,-0.02
2025-11-28 07:54:56,0.54,0.2,3.65,-1.32,,-0.02
2025-11-28 07:54:57,0.53,0.2,3.65,-1.32,,-0.02
2025-11-28 07:54:57,0.53,0.19,3.65,-1.32,,-0.02
2025-11-28 07:54:57,0.53,0.19,3.65,-1.32,,-0.02
2025-11-28 07:54:57,0.53,0.19,3.65,-1.32,,-0.02
2025-11-28 07:54:57,0.53,0.19,3.65,-1.32,,-0.02
2025-11-28 07:54:57,0.53,0.19,3.65,-1.32,,-0.02
2025-11-28 07:54:58,0.53,0.19,3.65,-1.32,,-0.02
2025-11-28 07:54:58,0.54,0.19,3.65,-1.32,,-0.02
2025-11-28 07:54:58,0.54,0.19,3.65,-1.32,,-0.02
2025-11-28 07:54:58,0.54,0.19,3.65,-1.32,,-0.02
2025-11-28 07:54:59,0.54,0.19,3.65,-1.32,,-0.02
2025-11-28 07:54:59,0.54,0.19,3.65,-1.32,,-0.02
2025-11-28 07:54:59,0.54,0.19,3.65,-1.32,,-0.01
2025-11-28 07:54:59,0.54,0.19,3.65,-1.32,,-0.01
2025-11-28 07:54:59,0.54,0.2,3.65,-1.32,,-0.01
2025-11-28 07:54:59,0.54,0.2,3.65,-1.32,,-0.01
2025-11-28 07:54:59,0.54,0.2,3.65,-1.32,,-0.01
2025-11-28 07:54:59,0.54,0.2,3.65,-1.32,,-0.01
2025-11-28 07:54:59,0.54,0.2,3.65,-1.32,,-0.01
2025-11-28 07:54:59,0.54,0.2,3.65,-1.32,,-0.01
2025-11-28 07:55:00,0.54,0.2,3.65,-1.32,,-0.02
2025-11-28 07:55:00,0.54,0.2,3.65,-1.32,,-0.02
2025-11-28 07:55:00,0.54,0.2,3.67,-1.32,,-0.02
2025-11-28 07:55:00,0.54,0.2,3.67,-1.32,,-0.02
2025-11-28 07:55:00,0.54,0.2,3.67,-1.32,,-0.02
2025-11-28 07:55:00,0.54,0.2,3.67,-1.32,,-0.02
2025-11-28 07:55:00,0.54,0.2,3.67,-1.32,,-0.02
2025-11-28 07:55:00,0.54,0.2,3.67,-1.32,,-0.02
2025-11-28 07:55:01,0.54,0.2,3.67,-1.32,,-0.02
2025-11-28 07:55:01,0.54,0.2,3.67,-1.32,,-0.02
2025-11-28 07:55:01,0.54,0.2,3.67,-1.32,,-0.02
2025-11-28 07:55:01,0.54,0.2,3.67,-1.32,,-0.03
2025-11-28 07:55:01,0.54,0.2,3.67,-1.32,,-0.03
2025-11-28 07:55:01,0.54,0.2,3.67,-1.32,,-0.03
2025-11-28 07:55:01,0.54,0.2,3.67,-1.32,,-0.03
2025-11-28 07:55:01,0.54,0.2,3.67,-1.32,,-0.03
2025-11-28 07:55:02,0.54,0.2,3.67,-1.32,,-0.03
2025-11-28 07:55:02,0.54,0.2,3.67,-1.32,,-0.03
2025-11-28 07:55:02,0.54,0.2,3.67,-1.32,,-0.03
2025-11-28 07:55:02,0.54,0.2,3.67,-1.32,,-0.03
2025-11-28 07:55:03,0.54,0.2,3.67,-1.32,,-0.03
2025-11-28 07:55:04,0.54,0.2,3.67,-1.32,,-0.03
2025-11-28 07:55:04,0.54,0.2,3.67,-1.32,,-0.03
2025-11-28 07:55:04,0.54,0.2,3.67,-1.32,,-0.03
2025-11-28 07:55:04,0.54,0.2,3.67,-1.32,,-0.03
2025-11-28 07:55:04,0.53,0.2,3.67,-1.32,,-0.03
2025-11-28 07:55:05,0.53,0.19,3.67,-1.32,,-0.03
2025-11-28 07:55:05,0.53,0.19,3.67,-1.32,,-0.03
2025-11-28 07:55:05,0.53,0.19,3.67,-1.32,,-0.03
2025-11-28 07:55:05,0.53,0.19,3.67,-1.32,,-0.03
2025-11-28 07:55:05,0.53,0.19,3.67,-1.32,,-0.02
2025-11-28 07:55:05,0.53,0.19,3.67,-1.32,,-0.02
2025-11-28 07:55:05,0.53,0.19,3.67,-1.32,,-0.02
2025-11-28 07:55:05,0.53,0.19,3.67,-1.32,,-0.02
2025-11-28 07:55:05,0.53,0.19,3.67,-1.32,,-0.02
2025-11-28 07:55:05,0.53,0.19,3.67,-1.32,,-0.02
2025-11-28 07:55:05,0.53,0.19,3.67,-1.32,,-0.02
2025-11-28 07:55:05,0.53,0.19,3.67,-1.32,,-0.02
2025-11-28 07:55:05,0.53,0.19,3.67,-1.32,,-0.02
2025-11-28 07:55:05,0.53,0.19,3.67,-1.32,,-0.02
2025-11-28 07:55:05,0.54,0.19,3.67,-1.32,,-0.02
2025-11-28 07:55:06,0.54,0.19,3.67,-1.32,,-0.02
2025-11-28 07:55:06,0.54,0.19,3.67,-1.32,,-0.02
2025-11-28 07:55:06,0.54,0.19,3.67,-1.32,,-0.02
2025-11-28 07:55:06,0.54,0.19,3.67,-1.32,,-0.02
2025-11-28 07:55:06,0.54,0.19,3.67,-1.32,,-0.02
2025-11-28 07:55:06,0.54,0.19,3.67,-1.32,,-0.02
2025-11-28 07:55:06,0.54,0.19,3.67,-1.32,,-0.02
2025-11-28 07:55:06,0.54,0.19,3.67,-1.32,,-0.02
2025-11-28 07:55:06,0.54,0.19,3.67,-1.32,,-0.02
2025-11-28 07:55:06,0.54,0.19,3.67,-1.32,,-0.02
2025-11-28 07:55:06,0.54,0.19,3.67,-1.32,,-0.02
2025-11-28 07:55:07,0.53,0.19,3.67,-1.32,,-0.02
2025-11-28 07:55:07,0.53,0.19,3.67,-1.32,,-0.02
2025-11-28 07:55:08,0.53,0.19,3.67,-1.32,,-0.02
2025-11-28 07:55:08,0.53,0.19,3.67,-1.32,,-0.02
2025-11-28 07:55:08,0.54,0.19,3.67,-1.32,,-0.02
2025-11-28 07:55:08,0.54,0.19,3.67,-1.32,,-0.02
2025-11-28 07:55:08,0.54,0.19,3.67,-1.32,,-0.02
2025-11-28 07:55:08,0.54,0.19,3.67,-1.32,,-0.02
2025-11-28 07:55:08,0.54,0.19,3.67,-1.32,,-0.02
2025-11-28 07:55:09,0.53,0.19,3.67,-1.32,,-0.02
2025-11-28 07:55:09,0.53,0.19,3.67,-1.32,,-0.02
2025-11-28 07:55:09,0.53,0.19,3.67,-1.32,,-0.02
2025-11-28 07:55:09,0.53,0.19,3.67,-1.32,,-0.02
2025-11-28 07:55:09,0.53,0.19,3.67,-1.32,,-0.02
2025-11-28 07:55:09,0.53,0.19,3.67,-1.32,,-0.02
2025-11-28 07:55:10,0.53,0.19,3.67,-1.32,,-0.02
2025-11-28 07:55:10,0.53,0.19,3.67,-1.32,,-0.02
2025-11-28 07:55:10,0.53,0.19,3.67,-1.32,,-0.02
2025-11-28 07:55:10,0.53,0.19,3.67,-1.32,,-0.02
2025-11-28 07:55:10,0.53,0.19,3.67,-1.32,,-0.02
2025-11-28 07:55:10,0.53,0.19,3.67,-1.32,,-0.02
2025-11-28 07:55:11,0.53,0.19,3.67,-1.32,,-0.02
2025-11-28 07:55:11,0.53,0.19,3.67,-1.32,,-0.02
2025-11-28 07:55:11,0.53,0.19,3.67,-1.32,,-0.02
2025-11-28 07:55:12,0.53,0.19,3.67,-1.32,,-0.02
2025-11-28 07:55:12,0.53,0.19,3.67,-1.32,,-0.02
2025-11-28 07:55:12,0.53,0.19,3.67,-1.32,,-0.02
2025-11-28 07:55:13,0.53,0.19,3.67,-1.32,,-0.02
2025-11-28 07:55:13,0.53,0.19,3.67,-1.32,,-0.02
2025-11-28 07:55:13,0.53,0.19,3.67,-1.32,,-0.02
2025-11-28 07:55:13,0.53,0.19,3.67,-1.32,,-0.02
2025-11-28 07:55:13,0.53,0.19,3.67,-1.32,,-0.02
2025-11-28 07:55:13,0.53,0.19,3.67,-1.32,,-0.02
2025-11-28 07:55:13,0.53,0.19,3.67,-1.32,,-0.02
2025-11-28 07:55:13,0.53,0.19,3.67,-1.32,,-0.02
2025-11-28 07:55:14,0.53,0.19,3.67,-1.32,,-0.02
2025-11-28 07:55:14,0.53,0.19,3.67,-1.32,,-0.02
2025-11-28 07:55:14,0.53,0.19,3.67,-1.32,,-0.02
2025-11-28 07:55:14,0.53,0.19,3.67,-1.32,,-0.02
2025-11-28 07:55:15,0.53,0.19,3.67,-1.32,,-0.02
2025-11-28 07:55:16,0.53,0.19,3.67,-1.32,,-0.02
2025-11-28 07:55:16,0.53,0.19,3.67,-1.32,,-0.02
2025-11-28 07:55:16,0.53,0.19,3.67,-1.32,,-0.02
2025-11-28 07:55:18,0.53,0.19,3.67,-1.32,,-0.02
2025-11-28 07:55:18,0.53,0.19,3.67,-1.32,,-0.02
2025-11-28 07:55:18,0.53,0.19,3.67,-1.32,,-0.02
2025-11-28 07:55:18,0.53,0.19,3.67,-1.32,,-0.02
2025-11-28 07:55:18,0.53,0.19,3.67,-1.32,,-0.02
2025-11-28 07:55:18,0.53,0.19,3.67,-1.32,,-0.02
2025-11-28 07:55:19,0.53,0.19,3.67,-1.32,,-0.03
2025-11-28 07:55:19,0.53,0.19,3.67,-1.32,,-0.03
2025-11-28 07:55:22,0.53,0.19,3.67,-1.32,,-0.03
2025-11-28 07:55:23,0.53,0.19,3.67,-1.32,,-0.03
2025-11-28 07:55:23,0.53,0.19,3.67,-1.32,,-0.03
2025-11-28 07:55:24,0.53,0.19,3.67,-1.32,,-0.03
2025-11-28 07:55:24,0.53,0.19,3.67,-1.32,,-0.03
2025-11-28 07:55:24,0.53,0.19,3.67,-1.32,,-0.03
2025-11-28 07:55:25,0.53,0.19,3.67,-1.32,,-0.03
2025-11-28 07:55:25,0.53,0.19,3.67,-1.32,,-0.03
2025-11-28 07:55:25,0.53,0.19,3.67,-1.32,,-0.03
2025-11-28 07:55:26,0.53,0.19,3.67,-1.32,,-0.02
2025-11-28 07:55:26,0.53,0.19,3.67,-1.32,,-0.02
2025-11-28 07:55:27,0.53,0.19,3.67,-1.32,,-0.02
2025-11-28 07:55:27,0.53,0.19,3.67,-1.32,,-0.02
2025-11-28 07:55:27,0.53,0.19,3.67,-1.32,,-0.02
2025-11-28 07:55:27,0.53,0.19,3.67,-1.32,,-0.02
2025-11-28 07:55:27,0.53,0.19,3.67,-1.32,,-0.02
2025-11-28 07:55:27,0.53,0.19,3.67,-1.32,,-0.02
2025-11-28 07:55:28,0.53,0.19,3.67,-1.32,,-0.02
2025-11-28 07:55:28,0.53,0.19,3.67,-1.32,,-0.02
2025-11-28 07:55:28,0.53,0.19,3.67,-1.32,,-0.02
2025-11-28 07:55:29,0.53,0.19,3.67,-1.32,,-0.02
2025-11-28 07:55:29,0.53,0.19,3.67,-1.32,,-0.02
2025-11-28 07:55:29,0.53,0.19,3.67,-1.32,,-0.02
2025-11-28 07:55:29,0.53,0.19,3.67,-1.32,,-0.02
2025-11-28 07:55:29,0.53,0.19,3.67,-1.32,,-0.02
2025-11-28 07:55:30,0.53,0.19,3.67,-1.32,,-0.02
2025-11-28 07:55:32,0.53,0.19,3.67,-1.32,,-0.02
2025-11-28 07:55:32,0.53,0.19,3.67,-1.32,,-0.02
2025-11-28 07:55:32,0.53,0.19,3.67,-1.32,,-0.02
2025-11-28 07:55:32,0.53,0.19,3.67,-1.32,,-0.02
2025-11-28 07:55:32,0.53,0.19,3.67,-1.32,,-0.02
2025-11-28 07:55:32,0.53,0.19,3.67,-1.32,,-0.02
2025-11-28 07:55:34,0.53,0.19,3.67,-1.32,,-0.02
2025-11-28 07:55:34,0.53,0.19,3.67,-1.32,,-0.02
2025-11-28 07:55:35,0.53,0.19,3.67,-1.32,,-0.02
2025-11-28 07:55:35,0.53,0.19,3.67,-1.32,,-0.02
2025-11-28 07:55:35,0.53,0.19,3.67,-1.32,,-0.02
2025-11-28 07:55:35,0.53,0.19,3.67,-1.32,,-0.02
2025-11-28 07:55:35,0.53,0.19,3.67,-1.32,,-0.02
2025-11-28 07:55:35,0.53,0.19,3.67,-1.32,,-0.02
2025-11-28 07:55:35,0.53,0.19,3.67,-1.32,,-0.02
2025-11-28 07:55:36,0.52,0.19,3.67,-1.32,,-0.02
2025-11-28 07:55:36,0.52,0.19,3.67,-1.32,,-0.02
2025-11-28 07:55:36,0.52,0.19,3.67,-1.32,,-0.02
2025-11-28 07:55:37,0.53,0.19,3.67,-1.32,,-0.02
2025-11-28 07:55:38,0.53,0.19,3.67,-1.32,,-0.02
2025-11-28 07:55:38,0.53,0.19,3.67,-1.32,,-0.02
2025-11-28 07:55:38,0.52,0.19,3.67,-1.32,,-0.02
2025-11-28 07:55:38,0.52,0.19,3.67,-1.32,,-0.02
2025-11-28 07:55:38,0.52,0.19,3.67,-1.32,,-0.02
2025-11-28 07:55:39,0.53,0.19,3.67,-1.32,,-0.02
2025-11-28 07:55:39,0.53,0.19,3.67,-1.32,,-0.02
2025-11-28 07:55:39,0.53,0.19,3.67,-1.32,,-0.02
2025-11-28 07:55:40,0.53,0.19,3.67,-1.32,,-0.02
2025-11-28 07:55:40,0.53,0.19,3.67,-1.32,,-0.02
2025-11-28 07:55:41,0.53,0.19,3.67,-1.32,,-0.02
2025-11-28 07:55:41,0.53,0.19,3.67,-1.32,,-0.02
2025-11-28 07:55:41,0.53,0.19,3.67,-1.32,,-0.02
2025-11-28 07:55:41,0.53,0.19,3.67,-1.32,,-0.02
2025-11-28 07:55:41,0.53,0.19,3.67,-1.32,,-0.02
2025-11-28 07:55:41,0.52,0.19,3.67,-1.32,,-0.02
2025-11-28 07:55:41,0.52,0.19,3.67,-1.32,,-0.02
2025-11-28 07:55:41,0.52,0.19,3.67,-1.32,,-0.02
2025-11-28 07:55:41,0.52,0.19,3.67,-1.32,,-0.02
2025-11-28 07:55:41,0.52,0.19,3.67,-1.32,,-0.02
2025-11-28 07:55:41,0.52,0.19,3.67,-1.32,,-0.02
2025-11-28 07:55:42,0.52,0.19,3.67,-1.32,,-0.02
2025-11-28 07:55:42,0.52,0.19,3.67,-1.32,,-0.02
2025-11-28 07:55:43,0.52,0.19,3.67,-1.32,,-0.02
2025-11-28 07:55:43,0.52,0.19,3.67,-1.32,,-0.02
2025-11-28 07:55:43,0.52,0.19,3.67,-1.32,,-0.02
2025-11-28 07:55:43,0.52,0.19,3.67,-1.32,,-0.02
2025-11-28 07:55:43,0.52,0.19,3.67,-1.32,,-0.02
2025-11-28 07:55:43,0.52,0.19,3.67,-1.32,,-0.02
2025-11-28 07:55:43,0.52,0.19,3.67,-1.32,,-0.02
2025-11-28 07:55:44,0.52,0.19,3.67,-1.32,,-0.02
2025-11-28 07:55:44,0.52,0.19,3.67,-1.32,,-0.02
2025-11-28 07:55:44,0.52,0.19,3.67,-1.32,,-0.02
2025-11-28 07:55:45,0.52,0.19,3.67,-1.32,,-0.02
2025-11-28 07:55:45,0.52,0.19,3.67,-1.32,,-0.02
2025-11-28 07:55:45,0.52,0.19,3.67,-1.32,,-0.02
2025-11-28 07:55:46,0.52,0.19,3.67,-1.32,,-0.02
2025-11-28 07:55:46,0.52,0.19,3.67,-1.32,,-0.02
2025-11-28 07:55:46,0.52,0.19,3.67,-1.32,,-0.02
2025-11-28 07:55:46,0.52,0.19,3.67,-1.32,,-0.02
2025-11-28 07:55:46,0.52,0.19,3.67,-1.32,,-0.02
2025-11-28 07:55:46,0.52,0.19,3.67,-1.32,,-0.02
2025-11-28 07:55:46,0.52,0.19,3.67,-1.32,,-0.02
2025-11-28 07:55:46,0.52,0.19,3.67,-1.32,,-0.02
2025-11-28 07:55:47,0.52,0.19,3.67,-1.32,,-0.02
2025-11-28 07:55:47,0.52,0.19,3.67,-1.32,,-0.02
2025-11-28 07:55:47,0.52,0.19,3.67,-1.32,,-0.02
2025-11-28 07:55:48,0.52,0.19,3.67,-1.32,,-0.02
2025-11-28 07:55:48,0.52,0.19,3.67,-1.32,,-0.02
2025-11-28 07:55:48,0.52,0.19,3.67,-1.32,,-0.02
2025-11-28 07:55:48,0.52,0.19,3.67,-1.32,,-0.02
2025-11-28 07:55:48,0.52,0.19,3.67,-1.32,,-0.02
2025-11-28 07:55:49,0.52,0.19,3.67,-1.32,,-0.02
2025-11-28 07:55:49,0.52,0.19,3.67,-1.32,,-0.02
2025-11-28 07:55:49,0.52,0.19,3.67,-1.32,,-0.02
2025-11-28 07:55:49,0.52,0.19,3.67,-1.32,,-0.02
2025-11-28 07:55:50,0.52,0.19,3.67,-1.32,,-0.02
2025-11-28 07:55:50,0.52,0.19,3.67,-1.32,,-0.02
2025-11-28 07:55:50,0.52,0.19,3.67,-1.32,,-0.02
2025-11-28 07:55:50,0.52,0.19,3.67,-1.32,,-0.02
2025-11-28 07:55:50,0.52,0.19,3.67,-1.32,,-0.02
2025-11-28 07:55:51,0.52,0.19,3.67,-1.32,,-0.02
2025-11-28 07:55:52,0.52,0.19,3.67,-1.32,,-0.02
2025-11-28 07:55:52,0.52,0.19,3.67,-1.32,,-0.02
2025-11-28 07:55:52,0.52,0.19,3.67,-1.32,,-0.02
2025-11-28 07:55:52,0.52,0.19,3.67,-1.32,,-0.02
2025-11-28 07:55:52,0.52,0.19,3.67,-1.32,,-0.02
2025-11-28 07:55:52,0.52,0.19,3.67,-1.32,,-0.02
2025-11-28 07:55:52,0.52,0.19,3.67,-1.32,,-0.02
2025-11-28 07:55:52,0.52,0.19,3.67,-1.32,,-0.02
2025-11-28 07:55:53,0.52,0.19,3.67,-1.32,,-0.02
2025-11-28 07:55:53,0.52,0.19,3.67,-1.32,,-0.02
2025-11-28 07:55:53,0.52,0.19,3.67,-1.32,,-0.02
2025-11-28 07:55:53,0.52,0.19,3.67,-1.32,,-0.02
2025-11-28 07:55:53,0.52,0.19,3.67,-1.32,,-0.02
2025-11-28 07:55:53,0.52,0.19,3.67,-1.32,,-0.02
2025-11-28 07:55:54,0.52,0.19,3.67,-1.32,,-0.02
2025-11-28 07:55:54,0.52,0.19,3.67,-1.32,,-0.02
2025-11-28 07:55:55,0.52,0.19,3.67,-1.32,,-0.02
2025-11-28 07:55:55,0.52,0.19,3.67,-1.32,,-0.02
2025-11-28 07:55:56,0.52,0.19,3.67,-1.32,,-0.02
2025-11-28 07:55:56,0.52,0.19,3.67,-1.32,,-0.02
2025-11-28 07:55:56,0.52,0.19,3.67,-1.32,,-0.02
2025-11-28 07:55:56,0.52,0.19,3.67,-1.32,,-0.02
2025-11-28 07:55:56,0.52,0.19,3.67,-1.32,,-0.02
2025-11-28 07:55:56,0.52,0.19,3.67,-1.32,,-0.02
2025-11-28 07:55:56,0.52,0.19,3.67,-1.32,,-0.02
2025-11-28 07:55:57,0.51,0.19,3.67,-1.32,,-0.02
2025-11-28 07:55:57,0.51,0.19,3.67,-1.32,,-0.02
2025-11-28 07:55:57,0.51,0.19,3.67,-1.32,,-0.02
2025-11-28 07:55:58,0.51,0.19,3.67,-1.32,,-0.02
2025-11-28 07:55:58,0.51,0.19,3.67,-1.32,,-0.02
2025-11-28 07:55:58,0.51,0.19,3.67,-1.32,,-0.02
2025-11-28 07:55:59,0.51,0.19,3.67,-1.32,,-0.02
2025-11-28 07:55:59,0.51,0.19,3.67,-1.32,,-0.02
2025-11-28 07:56:00,0.51,0.19,3.67,-1.32,,-0.02
2025-11-28 07:56:00,0.52,0.19,3.67,-1.32,,-0.02
2025-11-28 07:56:00,0.52,0.19,3.67,-1.32,,-0.02
2025-11-28 07:56:00,0.52,0.19,3.67,-1.32,,-0.02
2025-11-28 07:56:00,0.52,0.19,3.67,-1.32,,-0.02
2025-11-28 07:56:00,0.52,0.19,3.67,-1.32,,-0.02
2025-11-28 07:56:01,0.52,0.19,3.67,-1.32,,-0.02
2025-11-28 07:56:01,0.52,0.19,3.67,-1.32,,-0.02
2025-11-28 07:56:02,0.52,0.19,3.67,-1.32,,-0.02
2025-11-28 07:56:02,0.52,0.19,3.67,-1.32,,-0.02
2025-11-28 07:56:03,0.52,0.19,3.67,-1.32,,-0.02
2025-11-28 07:56:03,0.52,0.19,3.67,-1.32,,-0.02
2025-11-28 07:56:04,0.51,0.19,3.67,-1.32,,-0.02
2025-11-28 07:56:04,0.51,0.18,3.67,-1.32,,-0.02
2025-11-28 07:56:04,0.51,0.18,3.67,-1.32,,-0.02
2025-11-28 07:56:04,0.51,0.18,3.67,-1.32,,-0.02
2025-11-28 07:56:04,0.51,0.18,3.67,-1.32,,-0.02
2025-11-28 07:56:04,0.51,0.18,3.67,-1.32,,-0.02
2025-11-28 07:56:04,0.51,0.18,3.67,-1.32,,-0.02
2025-11-28 07:56:04,0.51,0.18,3.67,-1.32,,-0.02
2025-11-28 07:56:04,0.51,0.18,3.67,-1.32,,-0.02
2025-11-28 07:56:05,0.51,0.18,3.67,-1.32,,-0.02
2025-11-28 07:56:05,0.51,0.18,3.67,-1.32,,-0.02
2025-11-28 07:56:05,0.51,0.18,3.67,-1.32,,-0.02
2025-11-28 07:56:05,0.51,0.18,3.67,-1.32,,-0.02
2025-11-28 07:56:05,0.51,0.18,3.67,-1.32,,-0.02
2025-11-28 07:56:06,0.51,0.18,3.67,-1.32,,-0.02
2025-11-28 07:56:06,0.51,0.18,3.67,-1.32,,-0.02
2025-11-28 07:56:06,0.51,0.18,3.67,-1.32,,-0.02
2025-11-28 07:56:06,0.51,0.18,3.67,-1.32,,-0.02
2025-11-28 07:56:06,0.51,0.18,3.67,-1.32,,-0.02
2025-11-28 07:56:06,0.51,0.18,3.67,-1.32,,-0.02
2025-11-28 07:56:07,0.51,0.16,3.67,-1.32,,-0.02
2025-11-28 07:56:07,0.5,0.16,3.67,-1.32,,-0.02
2025-11-28 07:56:07,0.5,0.16,3.67,-1.32,,-0.02
2025-11-28 07:56:07,0.5,0.16,3.67,-1.32,,-0.02
2025-11-28 07:56:07,0.5,0.16,3.67,-1.32,,-0.02
2025-11-28 07:56:07,0.5,0.16,3.67,-1.32,,-0.02
2025-11-28 07:56:08,0.5,0.16,3.67,-1.32,,-0.02
2025-11-28 07:56:08,0.5,0.16,3.67,-1.32,,-0.02
2025-11-28 07:56:11,0.51,0.16,3.67,-1.32,,-0.02
2025-11-28 07:56:11,0.51,0.16,3.67,-1.32,,-0.02
2025-11-28 07:56:11,0.51,0.16,3.67,-1.32,,-0.02
2025-11-28 07:56:11,0.51,0.16,3.67,-1.32,,-0.02
2025-11-28 07:56:11,0.51,0.16,3.67,-1.32,,-0.02
2025-11-28 07:56:11,0.51,0.16,3.67,-1.32,,-0.02
2025-11-28 07:56:12,0.51,0.16,3.67,-1.32,,-0.02
2025-11-28 07:56:12,0.52,0.16,3.67,-1.32,,-0.02
2025-11-28 07:56:12,0.52,0.16,3.67,-1.32,,-0.02
2025-11-28 07:56:12,0.52,0.16,3.67,-1.32,,-0.02
2025-11-28 07:56:12,0.52,0.16,3.67,-1.32,,-0.02
2025-11-28 07:56:12,0.52,0.16,3.67,-1.32,,-0.02
2025-11-28 07:56:13,0.52,0.16,3.67,-1.32,,-0.02
2025-11-28 07:56:13,0.52,0.16,3.67,-1.32,,-0.02
2025-11-28 07:56:14,0.52,0.16,3.67,-1.32,,-0.02
2025-11-28 07:56:14,0.52,0.16,3.67,-1.32,,-0.02
2025-11-28 07:56:14,0.52,0.16,3.67,-1.32,,-0.02
2025-11-28 07:56:14,0.52,0.16,3.67,-1.32,,-0.02
2025-11-28 07:56:14,0.52,0.16,3.67,-1.32,,-0.02
2025-11-28 07:56:15,0.52,0.16,3.67,-1.32,,-0.02
2025-11-28 07:56:15,0.52,0.16,3.67,-1.32,,-0.02
2025-11-28 07:56:16,0.52,0.16,3.67,-1.32,,-0.01
2025-11-28 07:56:16,0.52,0.16,3.67,-1.32,,-0.01
2025-11-28 07:56:16,0.52,0.16,3.67,-1.32,,-0.01
2025-11-28 07:56:17,0.52,0.16,3.67,-1.32,,-0.01
2025-11-28 07:56:17,0.52,0.16,3.67,-1.32,,-0.01
2025-11-28 07:56:18,0.52,0.16,3.67,-1.32,,-0.01
2025-11-28 07:56:18,0.52,0.16,3.67,-1.32,,-0.01
2025-11-28 07:56:18,0.52,0.16,3.67,-1.32,,-0.01
2025-11-28 07:56:19,0.52,0.16,3.67,-1.32,,-0.01
2025-11-28 07:56:19,0.52,0.16,3.67,-1.32,,-0.01
2025-11-28 07:56:19,0.52,0.16,3.67,-1.32,,-0.01
2025-11-28 07:56:19,0.52,0.16,3.67,-1.32,,-0.01
2025-11-28 07:56:19,0.52,0.16,3.67,-1.32,,-0.01
2025-11-28 07:56:19,0.52,0.16,3.67,-1.32,,-0.01
2025-11-28 07:56:20,0.52,0.16,3.67,-1.32,,-0.01
2025-11-28 07:56:20,0.52,0.16,3.67,-1.32,,-0.01
2025-11-28 07:56:20,0.52,0.16,3.67,-1.32,,-0.01
2025-11-28 07:56:20,0.52,0.16,3.67,-1.32,,-0.01
2025-11-28 07:56:20,0.52,0.16,3.67,-1.32,,-0.01
2025-11-28 07:56:20,0.52,0.16,3.67,-1.32,,-0.01
2025-11-28 07:56:21,0.52,0.16,3.67,-1.32,,-0.01
2025-11-28 07:56:21,0.52,0.16,3.67,-1.32,,-0.01
2025-11-28 07:56:21,0.52,0.16,3.67,-1.32,,-0.01
2025-11-28 07:56:22,0.52,0.16,3.67,-1.32,,-0.01
2025-11-28 07:56:22,0.52,0.16,3.67,-1.32,,-0.01
2025-11-28 07:56:23,0.52,0.16,3.67,-1.32,,-0.01
2025-11-28 07:56:23,0.52,0.16,3.67,-1.32,,-0.01
2025-11-28 07:56:23,0.52,0.16,3.67,-1.32,,-0.01
2025-11-28 07:56:23,0.52,0.16,3.67,-1.32,,-0.01
2025-11-28 07:56:24,0.52,0.16,3.67,-1.32,,-0.01
2025-11-28 07:56:24,0.52,0.16,3.67,-1.32,,-0.01
2025-11-28 07:56:24,0.52,0.16,3.67,-1.32,,-0.01
2025-11-28 07:56:25,0.52,0.16,3.67,-1.32,,-0.01
2025-11-28 07:56:25,0.52,0.16,3.67,-1.32,,-0.01
2025-11-28 07:56:25,0.52,0.16,3.67,-1.32,,-0.01
2025-11-28 07:56:26,0.52,0.16,3.67,-1.32,,-0.01
2025-11-28 07:56:26,0.52,0.16,3.67,-1.32,,-0.01
2025-11-28 07:56:27,0.52,0.16,3.67,-1.32,,-0.01
2025-11-28 07:56:27,0.52,0.16,3.67,-1.32,,-0.01
2025-11-28 07:56:27,0.52,0.16,3.67,-1.32,,-0.01
2025-11-28 07:56:27,0.52,0.16,3.67,-1.32,,-0.01
2025-11-28 07:56:27,0.52,0.16,3.67,-1.32,,-0.01
2025-11-28 07:56:28,0.52,0.16,3.67,-1.32,,-0.01
2025-11-28 07:56:28,0.52,0.16,3.67,-1.32,,-0.01
2025-11-28 07:56:29,0.52,0.16,3.67,-1.32,,-0.01
2025-11-28 07:56:29,0.52,0.16,3.67,-1.32,,-0.01
2025-11-28 07:56:29,0.52,0.16,3.67,-1.32,,-0.01
2025-11-28 07:56:29,0.52,0.16,3.67,-1.32,,-0.01
2025-11-28 07:56:29,0.52,0.16,3.67,-1.32,,-0.01
2025-11-28 07:56:29,0.52,0.16,3.67,-1.32,,-0.01
2025-11-28 07:56:29,0.52,0.16,3.67,-1.32,,-0.01
2025-11-28 07:56:29,0.52,0.16,3.67,-1.32,,-0.01
2025-11-28 07:56:30,0.52,0.16,3.67,-1.32,,-0.01
2025-11-28 07:56:30,0.52,0.18,3.67,-1.32,,-0.01
2025-11-28 07:56:30,0.52,0.18,3.67,-1.32,,-0.01
2025-11-28 07:56:30,0.52,0.18,3.67,-1.32,,-0.01
2025-11-28 07:56:30,0.52,0.18,3.67,-1.32,,-0.01
2025-11-28 07:56:30,0.52,0.18,3.67,-1.32,,-0.01
2025-11-28 07:56:30,0.52,0.18,3.67,-1.32,,-0.01
2025-11-28 07:56:30,0.52,0.18,3.67,-1.32,,-0.01
2025-11-28 07:56:32,0.52,0.18,3.67,-1.32,,-0.01
2025-11-28 07:56:32,0.52,0.18,3.67,-1.32,,-0.01
2025-11-28 07:56:33,0.52,0.18,3.67,-1.32,,-0.01
2025-11-28 07:56:33,0.52,0.18,3.67,-1.32,,-0.01
2025-11-28 07:56:33,0.52,0.18,3.67,-1.32,,-0.01
2025-11-28 07:56:33,0.52,0.18,3.67,-1.32,,-0.01
2025-11-28 07:56:33,0.52,0.18,3.67,-1.32,,-0.01
2025-11-28 07:56:33,0.52,0.18,3.67,-1.32,,-0.01
2025-11-28 07:56:33,0.52,0.18,3.67,-1.32,,-0.01
2025-11-28 07:56:35,0.52,0.18,3.67,-1.32,,-0.01
2025-11-28 07:56:35,0.52,0.18,3.67,-1.32,,-0.01
2025-11-28 07:56:35,0.52,0.18,3.67,-1.32,,-0.01
2025-11-28 07:56:37,0.52,0.18,3.67,-1.32,,-0.01
2025-11-28 07:56:37,0.52,0.18,3.67,-1.32,,-0.01
2025-11-28 07:56:38,0.52,0.18,3.67,-1.32,,-0.01
2025-11-28 07:56:38,0.52,0.18,3.67,-1.32,,-0.01
2025-11-28 07:56:38,0.52,0.18,3.67,-1.32,,-0.01
2025-11-28 07:56:38,0.52,0.18,3.67,-1.32,,-0.01
2025-11-28 07:56:39,0.52,0.18,3.67,-1.32,,-0.01
2025-11-28 07:56:39,0.52,0.18,3.67,-1.32,,-0.01
